{    
    "settings": {
        "dev": {         
            "moduleRegistryUrl": "http://localhost:5000/modules/",
            "configurationServiceUrl": "http://localhost:4000/api/config/",
            "moduleRegistryServiceUrl": "http://localhost:5000/api/moduleregistry/",
            "mongodbConnectionString": "mongodb://localhost:27017/Hazel"
        },
        "qa": {         
            "moduleRegistryUrl": "http://172.16.16.102:5000/modules/",
            "configurationServiceUrl": "http://172.16.16.102:4000/api/config/",
            "moduleRegistryServiceUrl": "http://172.16.16.102:5000/api/moduleregistry/",
            "mongodbConnectionString": "mongodb://localhost:27017/Hazel"
        },
        "prod": {         
            "moduleRegistryUrl": "http://localhost:5000/modules/",
            "configurationServiceUrl": "http://localhost:4000/api/config/",
            "moduleRegistryServiceUrl": "http://localhost:5000/api/moduleregistry/",
            "mongodbConnectionString": "mongodb://localhost:27017/Hazel"
        }
    }
}
