Book Name,Book Owner Name,Trade Volume,Top Client Name (L1),Product Name,Sales Person Long Name (Executed By),Sales Person Region Name (Executed By),Trading Platform,Trade Date,Security Description,Mark Up USD,Grid Original,Client Value Original
NCREFIN1,Robert Williams,500000,Citigroup Inc,Investment Grade Secondary,Private Banks Singapore,Asia Pacific,Bloomberg Ldn,2/5/2015,BAC 4 01/22/25,0,275,275
NCREFIN2,Robert Williams,500000,Citigroup Inc,Investment Grade Secondary,Private Banks Singapore,Asia Pacific,Bloomberg Ldn,2/5/2015,BAC 4 01/22/25,0,275,275
NCREFIN3,Robert Williams,500000,Citigroup Inc,Investment Grade Secondary,Private Banks Singapore,Asia Pacific,Bloomberg Ldn,2/5/2015,BAC 4 01/22/25,0,275,275
NCREFIN4,Robert Williams,500000,Citigroup Inc,Investment Grade Secondary,Private Banks Singapore,Asia Pacific,Bloomberg Ldn,2/5/2015,BAC 4 01/22/25,0,275,275
NCREFIN5,Robert Williams,500000,Citigroup Inc,Investment Grade Secondary,Private Banks Singapore,Asia Pacific,Bloomberg Ldn,2/5/2015,BAC 4 01/22/25,0,275,275
NCREFIN6,Robert Williams,500000,Citigroup Inc,Investment Grade Secondary,Private Banks Singapore,Asia Pacific,Bloomberg Ldn,2/5/2015,BAC 4 01/22/25,0,275,275
NCREFIN7,Robert Williams,500000,Citigroup Inc,Investment Grade Secondary,Private Banks Singapore,Asia Pacific,Bloomberg Ldn,2/5/2015,BAC 4 01/22/25,0,275,275
NCREFIN8,Robert Williams,500000,Citigroup Inc,Investment Grade Secondary,Private Banks Singapore,Asia Pacific,Bloomberg Ldn,2/5/2015,BAC 4 01/22/25,0,275,275
NCREFIN9,Robert Williams,500000,Citigroup Inc,Investment Grade Secondary,Private Banks Singapore,Asia Pacific,Bloomberg Ldn,2/5/2015,BAC 4 01/22/25,0,275,275
NCREFIN10,Robert Williams,500000,Citigroup Inc,Investment Grade Secondary,Private Banks Singapore,Asia Pacific,Bloomberg Ldn,2/5/2015,BAC 4 01/22/25,0,275,275
NCREFIN11,Robert Williams,500000,Citigroup Inc,Investment Grade Secondary,Private Banks Singapore,Asia Pacific,Bloomberg Ldn,2/5/2015,BAC 4 01/22/25,0,275,275
NCREFIN13,Robert Williams,500000,Citigroup Inc,Investment Grade Secondary,Private Banks Singapore,Asia Pacific,Bloomberg Ldn,2/5/2015,BAC 4 01/22/25,0,275,275
NCREFIN14,Robert Williams,500000,Citigroup Inc,Investment Grade Secondary,Private Banks Singapore,Asia Pacific,Bloomberg Ldn,2/5/2015,BAC 4 01/22/25,0,275,275
NCREFIN12,Robert Williams,500000,Citigroup Inc,Investment Grade Secondary,Private Banks Singapore,Asia Pacific,Bloomberg Ldn,2/5/2015,BAC 4 01/22/25,0,275,275
NCREFIN15,Robert Williams,500000,Citigroup Inc,Investment Grade Secondary,Private Banks Singapore,Asia Pacific,Bloomberg Ldn,2/5/2015,BAC 4 01/22/25,0,275,275
NCREFIN16,Robert Williams,500000,Citigroup Inc,Investment Grade Secondary,Private Banks Singapore,Asia Pacific,Bloomberg Ldn,2/5/2015,BAC 4 01/22/25,0,275,275
NCREFIN17,Robert Williams,500000,Citigroup Inc,Investment Grade Secondary,Private Banks Singapore,Asia Pacific,Bloomberg Ldn,2/5/2015,BAC 4 01/22/25,0,275,275
NCREFIN18,Robert Williams,500000,Citigroup Inc,Investment Grade Secondary,Private Banks Singapore,Asia Pacific,Bloomberg Ldn,2/5/2015,BAC 4 01/22/25,0,275,275
NCREFIN19,Robert Williams,500000,Citigroup Inc,Investment Grade Secondary,Private Banks Singapore,Asia Pacific,Bloomberg Ldn,2/5/2015,BAC 4 01/22/25,0,275,275
NCREFIN20,Robert Williams,500000,Citigroup Inc,Investment Grade Secondary,Private Banks Singapore,Asia Pacific,Bloomberg Ldn,2/5/2015,BAC 4 01/22/25,0,275,275
NCREFIN21,Robert Williams,500000,Citigroup Inc,Investment Grade Secondary,Private Banks Singapore,Asia Pacific,Bloomberg Ldn,2/5/2015,BAC 4 01/22/25,0,275,275
NCREFI22,Robert Williams,500000,Citigroup Inc,Investment Grade Secondary,Private Banks Singapore,Asia Pacific,Bloomberg Ldn,2/5/2015,BAC 4 01/22/25,0,275,275
NCREFIN23,Robert Williams,500000,Citigroup Inc,Investment Grade Secondary,Private Banks Singapore,Asia Pacific,Bloomberg Ldn,2/5/2015,BAC 4 01/22/25,0,275,275
NCREFIN24,Robert Williams,500000,Citigroup Inc,Investment Grade Secondary,Private Banks Singapore,Asia Pacific,Bloomberg Ldn,2/5/2015,BAC 4 01/22/25,0,275,275
NCREFIN25,Robert Williams,500000,Citigroup Inc,Investment Grade Secondary,Private Banks Singapore,Asia Pacific,Bloomberg Ldn,2/5/2015,BAC 4 01/22/25,0,275,275
NCREFIN26,Robert Williams,500000,Citigroup Inc,Investment Grade Secondary,Private Banks Singapore,Asia Pacific,Bloomberg Ldn,2/5/2015,BAC 4 01/22/25,0,275,275
