OrderId,Entered On,Updated On,Orig System Status,Matched Status,Ticket Type,Book,RBC B/S,Amount,Notional,Sec Description,Cusip
1,1/9/2012 16:41,5/6/2015 12:00,ACCEPTED,MATCHED,New,MFI-NEG,SELL,345000,345000,BRZUTL 3.0 2027-03-01,10606TEJ8
2,1/20/2012 10:30,5/18/2015 11:27,ACCEPTED,MATCHED,New,SA-SOUTH,SELL,150000,150000,AAR 5.0 2018-03-01,03588EZV8
3,8/22/2012 11:44,5/5/2015 15:17,ACCEPTED,MATCHED,New,NSATNABS,SELL,7500000,7500000,SYNCT 2015-2 A,87165LAK7
4,8/29/2012 9:36,5/13/2015 12:00,ACCEPTED,MATCHED,New,MFI-NEG,SELL,200000,200000,TEM 3.0 2023-07-01,8797092H5
5,8/30/2012 12:56,5/14/2015 16:55,ACCEPTED,MATCHED,New,SA-SOUTH,BUY,50000,50000,MDSMED 5.0 2018-05-15,574218DE0
6,9/4/2012 11:14,5/18/2015 10:25,ACCEPTED,MATCHED,New,SA-SOUTH,SELL,200000,200000,ORAEDU 5.0 2032-08-01,684517LU7
7,9/4/2012 13:30,5/18/2015 12:36,ACCEPTED,MATCHED,New,MUNISHRT,BUY,2000000,2000000,SANSCD 5.0 2017-02-15,796269VE5
8,4/23/2013 16:36,5/5/2015 13:10,ACCEPTED,MATCHED,New,INVGRADE,SELL,93000,93000,HES 7 7/8 10/01/29,023551AF1
9,4/24/2013 12:50,5/5/2015 16:52,ACCEPTED,MATCHED,New,CARSEC,SELL,80000,80000,LOSUTL 5.0 2024-07-01,544525QN1
10,4/24/2013 15:11,5/6/2015 11:30,ACCEPTED,MATCHED,New,MFI-NEG,SELL,125000,125000,WELSCD 2.0 2020-12-01,949232CX8
11,4/26/2013 15:45,5/8/2015 14:11,ACCEPTED,MATCHED,Amended,MFI-NEG,SELL,1500000,1500000,PEM 5.0 2023-09-01,70643FCN0
12,4/29/2013 15:26,5/11/2015 15:01,ACCEPTED,MATCHED,New,INVGRADE,SELL,50000,50000,VZ 3 11/01/21,92343VCN2
13,4/29/2013 15:57,5/11/2015 15:42,ACCEPTED,MATCHED,New,CBUYMIN,BUY,25000,25000,HOUHGR 4.0 2030-08-15,44237HBX2
14,4/30/2013 14:28,5/12/2015 14:58,ACCEPTED,MATCHED,New,SA-SOUTH,BUY,15000,15000,BRLSCD 4.95 2018-03-01,109007BQ6
15,5/1/2013 12:00,5/13/2015 12:00,ACCEPTED,MATCHED,New,MFI-NEG,SELL,1000000,1000000,TEM 2.25 2022-07-01,8797092G7
16,5/1/2013 12:00,5/13/2015 12:00,ACCEPTED,MATCHED,New,MFI-NEG,SELL,100000,100000,TEM 2.0 2017-07-01,8797092B8
17,5/1/2013 12:00,5/13/2015 12:00,ACCEPTED,MATCHED,New,MFI-NEG,SELL,1285000,1285000,TEM 1.0 2016-07-01,8797092A0
18,5/1/2013 12:00,5/13/2015 12:00,ACCEPTED,MATCHED,New,MFI-NEG,SELL,50000,50000,TEM 2.0 2019-07-01,8797092D4
19,5/1/2013 12:00,5/13/2015 12:00,ACCEPTED,MATCHED,New,MFI-NEG,SELL,1045000,1045000,TEM 2.0 2020-07-01,8.80E+08
20,5/1/2013 12:02,5/13/2015 12:00,ACCEPTED,MATCHED,New,MFI-NEG,SELL,1475000,1475000,TEM 3.75 2031-07-01,8797092R3
21,5/1/2013 13:58,5/13/2015 13:56,ACCEPTED,MATCHED,New,ANSEC,BUY,10000,10000,COL 4.0 2020-06-01,198432FW1
22,5/1/2013 15:01,5/13/2015 15:12,ACCEPTED,MATCHED,Amended,MUNIBQ,SELL,1000000,1000000,GEWSCD 4.0 2038-12-01,39583QAM7
23,5/1/2013 16:13,5/14/2015 11:00,ACCEPTED,MATCHED,New,MFI-NEG,SELL,1500000,1500000,SCOSCD 4.0 2032-08-15,833715BL8
24,5/2/2013 9:57,5/14/2015 11:37,ACCEPTED,MATCHED,New,SA-SOUTH,SELL,35000,35000,MTHUTL 4.0 2019-12-01,621472CQ0
25,5/2/2013 12:26,5/14/2015 13:31,ACCEPTED,MATCHED,New,MFI-NEG,SELL,510000,510000,PKLSCD 3.0 2027-01-15,701383TF8
26,5/2/2013 14:18,5/14/2015 15:37,ACCEPTED,MATCHED,New,MUNISHRT,SELL,745000,745000,EAO 5.0 2023-07-15,274137N79
27,5/2/2013 15:44,5/14/2015 17:08,ACCEPTED,MATCHED,New,SHORTSEC,SELL,2785000,2785000,NJS 5.25 2015-07-15,646039KD8
28,5/6/2013 13:01,5/18/2015 11:57,ACCEPTED,MATCHED,New,CARSEC,BUY,15000,15000,INDFAC 5.15 2035-09-01,455697AS1
29,5/6/2013 13:06,5/18/2015 12:25,ACCEPTED,MATCHED,Amended,HEDGE-TN,BUY,2500000,2500000,KELSCD 5.0 2028-02-15,487694PC9
30,12/11/2013 13:30,5/5/2015 10:10,ACCEPTED,MATCHED,New,CORPHEDG,SELL,200000,200000,AMGN 2 1/8 05/01/20,031162BW9
31,12/16/2013 15:29,5/7/2015 15:30,ACCEPTED,MATCHED,New,MFI-NEG,SELL,1000000,1000000,UNMHGR 2.048 2020-06-20,914692W87
32,12/16/2013 15:32,5/7/2015 15:30,ACCEPTED,MATCHED,New,MFI-NEG,SELL,3500000,3500000,UNMHGR 2.383 2021-06-20,914692W95
33,12/17/2013 13:29,5/8/2015 14:00,ACCEPTED,MATCHED,New,MFI-NEG,SELL,2000000,2000000,PEM 5.0 2028-09-01,70643FCT7
34,12/17/2013 13:30,5/8/2015 14:00,ACCEPTED,MATCHED,New,MFI-NEG,SELL,4875000,4875000,PEM 5.0 2033-09-01,70643FCY6
35,12/17/2013 13:31,5/8/2015 14:00,ACCEPTED,MATCHED,New,MFI-NEG,SELL,1595000,1595000,PEM 5.0 2028-09-01,70643FCT7
36,12/19/2013 10:43,5/13/2015 10:00,ACCEPTED,MATCHED,New,MFI-COMP,SELL,250000,250000,AURCTF 3.5 2019-12-01,051556GG7
37,5/21/2014 0:00,5/11/2015 0:00,ACCEPTED,MATCHED,Cancelled,6820,BUY,100000,100000,MISSOURI ST HLTH & EDUCTNL FAC 0.03 05/15/2038,60635R2J5
38,8/7/2014 16:24,5/5/2015 16:57,ACCEPTED,MATCHED,New,SA-SOUTH,BUY,20000,20000,MASEDU 5.0 2021-10-15,576000LZ4
39,8/19/2014 15:10,5/5/2015 10:21,ACCEPTED,MATCHED,New,MM-YIELD,SELL,1000000,1000000,CASMED 5.0 2032-10-01,13033L4C8
40,8/19/2014 15:44,5/5/2015 11:06,ACCEPTED,MATCHED,New,ANSEC,BUY,25000,25000,VBH 5.0 2024-04-01,927734XB4
41,8/19/2014 16:07,5/5/2015 11:29,ACCEPTED,MATCHED,New,HEDGE-TN,SELL,425000,425000,MIA 4.0 2033-07-01,59333FRX0
42,8/19/2014 16:34,5/5/2015 12:02,ACCEPTED,MATCHED,New,CARSEC,BUY,25000,25000,MAU 5.0 2018-03-01,5772853T4
43,8/20/2014 9:58,5/5/2015 13:52,ACCEPTED,MATCHED,Cancelled,EMERGING,BUY,50000,50000,ONT 6.25 16JUN15,683234XF0
44,8/20/2014 10:23,5/5/2015 13:40,ACCEPTED,MATCHED,New,PARSEC2,BUY,80000,80000,NJSTRN 5.0 2034-12-15,646136QC8
45,8/20/2014 11:24,5/5/2015 14:18,ACCEPTED,MATCHED,New,PARSEC2,BUY,20000,20000,RDW 4.0 2030-07-01,766243TS8
46,8/20/2014 11:25,5/5/2015 14:23,ACCEPTED,MATCHED,New,PARSEC,BUY,30000,30000,CTSMED 4.25 2031-07-01,20774YKR7
47,8/20/2014 12:01,5/5/2015 15:12,ACCEPTED,MATCHED,New,NSATNABS,SELL,152000000,152000000,SYNCT 2015-2 A,87165LAK7
48,8/20/2014 12:17,5/5/2015 15:03,ACCEPTED,MATCHED,New,INVGRADE,BUY,100000,100000,SCCO 5 1/4 11/08/42,84265VAG0
49,8/20/2014 12:29,5/5/2015 15:15,ACCEPTED,MATCHED,New,MBOT,SELL,105000,105000,ALBUTL 5.0 2022-07-01,013493BM2
50,8/20/2014 13:23,5/6/2015 9:34,ACCEPTED,MATCHED,New,NESEC,SELL,1455000,1455000,ALB 2.0 2016-06-01,0124286W3
51,8/20/2014 13:51,5/5/2015 16:09,ACCEPTED,MATCHED,New,NSATNABS,SELL,10000000,10000000,SYNCT 2015-2 A,87165LAK7
52,8/20/2014 14:08,5/5/2015 16:23,ACCEPTED,MATCHED,New,ANSEC,SELL,5000,5000,GAS 5.0 2019-07-01,3733834M7
53,8/20/2014 14:29,5/5/2015 16:43,ACCEPTED,MATCHED,New,HEDGE-TN,SELL,500000,500000,SLS 5.0 2029-10-15,794665GE3
54,8/20/2014 14:33,5/5/2015 16:49,ACCEPTED,MATCHED,New,SA-SOUTH,BUY,125000,125000,NYCMED 5.0 2021-02-15,649674JZ2
55,8/20/2014 14:36,5/5/2015 16:57,ACCEPTED,MATCHED,New,SA-SOUTH,SELL,125000,125000,ENEPWR 5.0 2021-07-01,29270CXR1
56,8/20/2014 14:36,5/5/2015 16:58,ACCEPTED,MATCHED,New,SA-SOUTH,BUY,65000,65000,WIS 5.0 2023-11-01,97705L6E2
57,8/20/2014 14:39,5/5/2015 16:58,ACCEPTED,MATCHED,New,SA-SOUTH,SELL,165000,165000,NYCFAC 5.0 2022-07-15,64972HUF7
58,8/20/2014 15:11,5/6/2015 8:22,ACCEPTED,MATCHED,New,MM-YIELD,BUY,1290000,1290000,MEMAPT 5.0 2025-07-01,586111LZ7
59,8/20/2014 15:39,5/6/2015 9:30,ACCEPTED,MATCHED,New,INVGRADE,SELL,600000,600000,T 2.45 06/30/20,00206RCL4
60,8/20/2014 15:42,5/6/2015 9:48,ACCEPTED,MATCHED,Cancelled,CORPHEDG,SELL,750000,750000,TXN 1 3/4 05/01/20,882508AZ7
61,8/20/2014 15:52,5/6/2015 9:52,ACCEPTED,MATCHED,New,MBOT,SELL,100000,100000,NYC 5.25 2020-09-01,64966HAX8
62,8/20/2014 15:56,5/6/2015 9:55,ACCEPTED,MATCHED,New,ANSEC,SELL,50000,50000,57419PH51,57419PH51
63,8/20/2014 16:09,5/6/2015 10:32,ACCEPTED,MATCHED,New,NJRSEC,SELL,25000,25000,MTATRN 5.25 2031-11-15,59259YG86
64,8/20/2014 16:27,5/6/2015 10:48,ACCEPTED,MATCHED,New,CARSEC,SELL,100000,100000,VSTCTF 5.0 2019-05-01,92831HBD5
65,8/20/2014 16:35,5/6/2015 10:55,ACCEPTED,MATCHED,New,NESEC,SELL,675000,675000,OKSUTL 3.0 2017-07-01,678252FE2
66,8/21/2014 9:04,5/6/2015 11:23,ACCEPTED,MATCHED,New,CARSEC,SELL,1000000,1000000,OXNUTL 5.0 2034-06-01,691878BX9
67,8/21/2014 9:13,5/6/2015 11:25,ACCEPTED,MATCHED,New,PARSEC2,BUY,25000,25000,CNBUTL 3.65 2015-12-01,138015EZ1
68,8/21/2014 9:55,5/6/2015 11:36,ACCEPTED,MATCHED,Amended,MFI-NEG,SELL,75000,75000,WELSCD 1.25 2018-12-01,949232CV2
69,8/21/2014 9:56,5/6/2015 11:30,ACCEPTED,MATCHED,New,MFI-NEG,SELL,75000,75000,WELSCD 2.5 2021-12-01,949232CY6
70,8/21/2014 10:00,5/6/2015 11:30,ACCEPTED,MATCHED,New,MFI-NEG,SELL,65000,65000,WELSCD 4.0 2022-12-01,949232CZ3
71,8/21/2014 10:01,5/6/2015 11:30,ACCEPTED,MATCHED,New,MFI-NEG,SELL,150000,150000,WELSCD 2.0 2020-12-01,949232CX8
72,8/21/2014 10:02,5/6/2015 11:30,ACCEPTED,MATCHED,New,MFI-NEG,SELL,1345000,1345000,WELSCD 4.0 2023-12-01,949232DA7
73,8/21/2014 10:02,5/6/2015 11:30,ACCEPTED,MATCHED,New,MFI-NEG,SELL,100000,100000,WELSCD 2.5 2021-12-01,949232CY6
74,8/21/2014 10:05,5/6/2015 11:30,ACCEPTED,MATCHED,New,MFI-NEG,SELL,400000,400000,WELSCD 4.0 2023-12-01,949232DA7
75,8/21/2014 10:06,5/6/2015 11:30,ACCEPTED,MATCHED,New,MFI-NEG,SELL,100000,100000,WELSCD 2.5 2021-12-01,949232CY6
76,8/21/2014 10:06,5/6/2015 11:30,ACCEPTED,MATCHED,New,MFI-NEG,SELL,350000,350000,WELSCD 4.0 2023-12-01,949232DA7
77,8/21/2014 10:07,5/6/2015 11:30,ACCEPTED,MATCHED,New,MFI-NEG,SELL,1000000,1000000,WELSCD 4.0 2024-12-01,949232DB5
78,8/21/2014 10:10,5/6/2015 11:30,ACCEPTED,MATCHED,New,MFI-NEG,SELL,165000,165000,WELSCD 4.0 2024-12-01,949232DB5
79,8/21/2014 10:10,5/6/2015 11:34,ACCEPTED,MATCHED,Cancelled,MFI-NEG,SELL,625000,625000,WELSCD 4.0 2027-12-01,949232DE9
80,8/21/2014 10:13,5/6/2015 11:30,ACCEPTED,MATCHED,New,MFI-NEG,SELL,300000,300000,WELSCD 4.0 2025-12-01,949232DC3
81,8/21/2014 11:04,5/6/2015 12:00,ACCEPTED,MATCHED,New,MFI-NEG,SELL,310000,310000,BRZUTL 3.0 2024-03-01,10606TEF6
82,8/21/2014 11:08,5/6/2015 12:00,ACCEPTED,MATCHED,New,MFI-NEG,SELL,370000,370000,BRZUTL 3.25 2029-03-01,10606TEL3
83,8/21/2014 11:25,5/6/2015 13:09,ACCEPTED,MATCHED,New,CARSEC,BUY,150000,150000,OXNCTF 4.4 2021-09-01,691884AQ3
84,8/21/2014 11:30,5/6/2015 15:34,ACCEPTED,MATCHED,New,MFI-NEG,SELL,60000,60000,NYSHSG 2.0 2021-05-01,64986U7C5
85,8/21/2014 11:30,5/6/2015 15:34,ACCEPTED,MATCHED,New,MFI-NEG,SELL,120000,120000,NYSHSG 2.25 2022-05-01,64986U7E1
86,8/21/2014 11:35,5/6/2015 12:30,ACCEPTED,MATCHED,New,MFI-NEG,SELL,750000,750000,HENSCD 3.0 2021-08-15,425308NM1
87,8/21/2014 11:44,5/6/2015 12:54,ACCEPTED,MATCHED,New,NESEC,SELL,250000,250000,EAO 3.0 2016-07-15,274137M88
88,8/21/2014 11:57,5/6/2015 12:57,ACCEPTED,MATCHED,New,PARSEC2,SELL,30000,30000,HBGSCD 5.125 2033-04-01,406660NA4
89,8/21/2014 12:02,5/6/2015 13:10,ACCEPTED,MATCHED,New,NESEC,SELL,1085000,1085000,EAO 3.0 2016-07-15,274137M88
90,8/21/2014 12:03,5/6/2015 13:12,ACCEPTED,MATCHED,New,NESEC,SELL,1900000,1900000,EAO 5.0 2024-07-15,274137N87
91,8/21/2014 12:04,5/6/2015 13:05,ACCEPTED,MATCHED,New,ANSEC,BUY,500000,500000,FRAMED 4.0 2045-11-01,353187BS5
92,8/21/2014 12:06,5/6/2015 13:13,ACCEPTED,MATCHED,New,NESEC,SELL,410000,410000,EAO 3.25 2026-07-15,274137P28
93,8/21/2014 12:31,5/6/2015 13:49,ACCEPTED,MATCHED,Amended,SHORTSEC,BUY,3610000,3610000,MFYSCD 5.0 2032-12-01,573479DX7
94,8/21/2014 13:51,5/6/2015 15:05,ACCEPTED,MATCHED,New,NYSECG,BUY,605000,605000,EAO 3.0 2025-07-15,274137P51
95,8/21/2014 14:39,5/6/2015 15:50,ACCEPTED,MATCHED,New,PARSEC,SELL,100000,100000,MSKSCD 3.0 2031-12-01,603670TB6
96,8/21/2014 14:53,5/7/2015 11:54,ACCEPTED,MATCHED,Cancelled,ANSEC,SELL,100000,100000,MDSDEV 2.0 2040-09-01,574221LK1
97,8/21/2014 15:41,5/6/2015 16:55,ACCEPTED,MATCHED,New,SA-SOUTH,SELL,10000,10000,HARTRN 5.0 2025-11-01,41422EEQ2
98,8/25/2014 8:14,5/7/2015 11:30,ACCEPTED,MATCHED,New,MFI-NEG,SELL,235000,235000,NRESCD 5.0 2024-02-01,659155HQ1
99,8/25/2014 8:49,5/7/2015 11:30,ACCEPTED,MATCHED,New,MFI-NEG,SELL,250000,250000,NRESCD 5.0 2025-02-01,659155HR9
100,8/25/2014 9:22,5/7/2015 11:40,ACCEPTED,MATCHED,New,NYSECG,SELL,15000,15000,PASTRN 4.0 2041-12-01,709224GT0
