Client,TierCAN,TierEU,TierUST,Date,Avg # Dealers,Sales Department,Sales Location,Sales Person,SalesRegion,Ticker,Buy/Sell,CCP,Channel Code,Currency,Platform,RBC Executed (Yes/No),RFQ Type,State,Status,TradingBook,Inquired Tickets [All],Inquired Tickets [Executed],Inquired Tickets [RBC Executed],Hit Ratio(%) [Executed Tickets],Hit Ratio(%) [Total Tickets],No Quote(%) [Executed Tickets],No Quote(%) [Total Tickets],TTA(%) [Tickets],Best Price(%) [Tickets],% [eTickets],Inquired Vol (mm) [All],Inquired Vol (mm) [Executed],Inquired Vol (mm) [RBC Executed],Hit Ratio(%) [Executed Volume],Hit Ratio(%) [Total Volume],No Quote(%) [Executed Volume],No Quote(%) [Total Volume],TTA(%) [Volume],Best Price(%) [Volume]
BLACKROCK FINANCIAL MGMT-WILMINGTON,0,0,1,8/25/2015,0,US-CRED,US,Nirav Thakker,US,AEE 6.7 02/01/19,Buy,-,MAXESSUS,USD,MarketAxess,No,CompCash,Dealer Reject,DealerRejected,non-inventory,1,0,0,-,0.00%,-,100.00%,-,-,-,1,0,0,-,0.00%,-,100.00%,-,-
ADDENDA CAPITAL INC,0,0,1,8/25/2015,0,US-CRED,US,Nirav Thakker,US,AEE 6.7 02/01/19,Buy,-,MAXESSUS,USD,MarketAxess,No,CompCash,Dealer Reject,DealerRejected,non-inventory,1,0,0,-,0.00%,-,100.00%,-,-,-,1,0,0,-,0.00%,-,100.00%,-,-
BANQUE DEGROOF LUXEMBOURG SA,0,0,1,8/25/2015,0,US-CRED,US,Nirav Thakker,US,AEE 6.7 02/01/19,Buy,-,MAXESSUS,USD,MarketAxess,No,CompCash,Dealer Reject,DealerRejected,non-inventory,1,0,0,-,0.00%,-,100.00%,-,-,-,1,0,0,-,0.00%,-,100.00%,-,-
BANQUE INTL A LUX-LUX,0,0,1,8/25/2015,0,US-CRED,US,Nirav Thakker,US,AEE 6.7 02/01/19,Buy,-,MAXESSUS,USD,MarketAxess,No,CompCash,Dealer Reject,DealerRejected,non-inventory,1,0,0,-,0.00%,-,100.00%,-,-,-,1,0,0,-,0.00%,-,100.00%,-,-
BANQUE PICTET & CIE SA,0,0,1,8/25/2015,0,US-CRED,US,Nirav Thakker,US,AEE 6.7 02/01/19,Buy,-,MAXESSUS,USD,MarketAxess,No,CompCash,Dealer Reject,DealerRejected,non-inventory,1,0,0,-,0.00%,-,100.00%,-,-,-,1,0,0,-,0.00%,-,100.00%,-,-
BANQUE SYZ SA,0,0,1,8/25/2015,0,US-CRED,US,Nirav Thakker,US,AEE 6.7 02/01/19,Buy,-,MAXESSUS,USD,MarketAxess,No,CompCash,Dealer Reject,DealerRejected,non-inventory,1,0,0,-,0.00%,-,100.00%,-,-,-,1,0,0,-,0.00%,-,100.00%,-,-
BARCLAYS BANK SUISSE SA,0,0,1,8/25/2015,0,US-CRED,US,Nirav Thakker,US,AEE 6.7 02/01/19,Buy,-,MAXESSUS,USD,MarketAxess,No,CompCash,Dealer Reject,DealerRejected,non-inventory,1,0,0,-,0.00%,-,100.00%,-,-,-,1,0,0,-,0.00%,-,100.00%,-,-
BARCLAYS BK PLC-SINGAPORE,0,0,1,8/25/2015,0,US-CRED,US,Nirav Thakker,US,AEE 6.7 02/01/19,Buy,-,MAXESSUS,USD,MarketAxess,No,CompCash,Dealer Reject,DealerRejected,non-inventory,1,0,0,-,0.00%,-,100.00%,-,-,-,1,0,0,-,0.00%,-,100.00%,-,-
BARCLAYS CAPITAL INC,0,0,1,8/25/2015,0,US-CRED,US,Nirav Thakker,US,AEE 6.7 02/01/19,Buy,-,MAXESSUS,USD,MarketAxess,No,CompCash,Dealer Reject,DealerRejected,non-inventory,1,0,0,-,0.00%,-,100.00%,-,-,-,1,0,0,-,0.00%,-,100.00%,-,-
BARCLAYS STOCKBROKERS LIMITED,0,0,1,8/25/2015,0,US-CRED,US,Nirav Thakker,US,AEE 6.7 02/01/19,Buy,-,MAXESSUS,USD,MarketAxess,No,CompCash,Dealer Reject,DealerRejected,non-inventory,1,0,0,-,0.00%,-,100.00%,-,-,-,1,0,0,-,0.00%,-,100.00%,-,-
BARING ASSET MGMT LIMITED-LONDON,0,0,1,8/25/2015,0,US-CRED,US,Nirav Thakker,US,AEE 6.7 02/01/19,Buy,-,MAXESSUS,USD,MarketAxess,No,CompCash,Dealer Reject,DealerRejected,non-inventory,1,0,0,-,0.00%,-,100.00%,-,-,-,1,0,0,-,0.00%,-,100.00%,-,-
BB&T SCOTT & STRINGFELLOW-RICHMOND,0,0,1,8/25/2015,0,US-CRED,US,Nirav Thakker,US,AEE 6.7 02/01/19,Buy,-,MAXESSUS,USD,MarketAxess,No,CompCash,Dealer Reject,DealerRejected,non-inventory,1,0,0,-,0.00%,-,100.00%,-,-,-,1,0,0,-,0.00%,-,100.00%,-,-
BBVA AM SA SGIIC SA,0,0,1,8/25/2015,0,US-CRED,US,Nirav Thakker,US,AEE 6.7 02/01/19,Buy,-,MAXESSUS,USD,MarketAxess,No,CompCash,Dealer Reject,DealerRejected,non-inventory,1,0,0,-,0.00%,-,100.00%,-,-,-,1,0,0,-,0.00%,-,100.00%,-,-
BBVA SUIZA SA,0,0,1,8/25/2015,0,US-CRED,US,Nirav Thakker,US,AEE 6.7 02/01/19,Buy,-,MAXESSUS,USD,MarketAxess,No,CompCash,Dealer Reject,DealerRejected,non-inventory,1,0,0,-,0.00%,-,100.00%,-,-,-,1,0,0,-,0.00%,-,100.00%,-,-
BCA  ZARATTINI & CO SA,0,0,1,8/25/2015,0,US-CRED,US,Nirav Thakker,US,AEE 6.7 02/01/19,Buy,-,MAXESSUS,USD,MarketAxess,No,CompCash,Dealer Reject,DealerRejected,non-inventory,1,0,0,-,0.00%,-,100.00%,-,-,-,1,0,0,-,0.00%,-,100.00%,-,-
CITIBANK NA-LONDON,0,0,1,8/25/2015,0,US-CRED,US,Nirav Thakker,US,AEE 6.7 02/01/19,Buy,-,MAXESSUS,USD,MarketAxess,No,CompCash,Dealer Reject,DealerRejected,non-inventory,1,0,0,-,0.00%,-,100.00%,-,-,-,1,0,0,-,0.00%,-,100.00%,-,-
COLCHESTER GLOBAL INVESTORS LTD GOF,0,0,1,8/25/2015,0,US-CRED,US,Nirav Thakker,US,AEE 6.7 02/01/19,Buy,-,MAXESSUS,USD,MarketAxess,No,CompCash,Dealer Reject,DealerRejected,non-inventory,1,0,0,-,0.00%,-,100.00%,-,-,-,1,0,0,-,0.00%,-,100.00%,-,-
COLONIAL FIRST STATE INV LTD,0,0,1,8/25/2015,0,US-CRED,US,Nirav Thakker,US,AEE 6.7 02/01/19,Buy,-,MAXESSUS,USD,MarketAxess,No,CompCash,Dealer Reject,DealerRejected,non-inventory,1,0,0,-,0.00%,-,100.00%,-,-,-,1,0,0,-,0.00%,-,100.00%,-,-
COLUMBIA MANAGEMENT INVS GOF-MINNEA,0,0,1,8/25/2015,0,US-CRED,US,Nirav Thakker,US,AEE 6.7 02/01/19,Buy,-,MAXESSUS,USD,MarketAxess,No,CompCash,Dealer Reject,DealerRejected,non-inventory,1,0,0,-,0.00%,-,100.00%,-,-,-,1,0,0,-,0.00%,-,100.00%,-,-
COLUMBIA MGMT ADV INC-BOSTON,0,0,1,8/25/2015,0,US-CRED,US,Richard,US,AEE 6.7 02/01/19,Buy,-,MAXESSUS,USD,MarketAxess,No,CompCash,Dealer Reject,DealerRejected,non-inventory,1,0,0,-,0.00%,-,100.00%,-,-,-,1,0,0,-,0.00%,-,100.00%,-,-
COLUMBIA MGMT INV ADVISERS LLC,0,0,1,8/25/2015,0,US-CRED,US,Nirav Thakker,US,AEE 6.7 02/01/19,Buy,-,MAXESSUS,USD,MarketAxess,No,CompCash,Dealer Reject,DealerRejected,non-inventory,1,0,0,-,0.00%,-,100.00%,-,-,-,1,0,0,-,0.00%,-,100.00%,-,-
COMMERZBANK AG,0,0,1,8/25/2015,0,US-CRED,US,Nirav Thakker,US,AEE 6.7 02/01/19,Buy,-,MAXESSUS,USD,MarketAxess,No,CompCash,Dealer Reject,DealerRejected,non-inventory,1,0,0,-,0.00%,-,100.00%,-,-,-,1,0,0,-,0.00%,-,100.00%,-,-
BLACKROCK FINANCIAL MGMT-WILMINGTON,0,0,1,8/25/2015,0,US-CRED,US,David Orr,US,AEE 6.7 02/01/19,Buy,-,MAXESSUS,USD,MarketAxess,No,CompCash,Dealer Reject,TraderRejected,non-inventory,1,0,0,-,0.00%,-,100.00%,-,-,-,1,0,0,-,0.00%,-,100.00%,-,-
GMP SECURITIES LP-TORONTO,0,0,1,8/25/2015,0,US-CRED,US,Nirav Thakker,US,AEE 6.7 02/01/19,Buy,-,MAXESSUS,USD,MarketAxess,No,CompCash,Dealer Reject,DealerRejected,non-inventory,1,0,0,-,0.00%,-,100.00%,-,-,-,1,0,0,-,0.00%,-,100.00%,-,-
GALLIARD CAPITAL MANAGEMENT INC,0,0,1,8/25/2015,0,US-CRED,US,Nirav Thakker,US,AEE 6.7 02/01/19,Buy,-,MAXESSUS,USD,MarketAxess,No,CompCash,Dealer Reject,DealerRejected,non-inventory,1,0,0,-,0.00%,-,100.00%,-,-,-,1,0,0,-,0.00%,-,100.00%,-,-
BLACKROCK FINANCIAL MGMT-WILMINGTON,0,0,1,8/25/2015,0,US-CRED,US,Nirav Thakker,US,AEE 6.7 02/01/19,Buy,-,MAXESSUS,USD,MarketAxess,No,CompCash,Dealer Reject,DealerRejected,non-inventory,1,0,0,-,0.00%,-,100.00%,-,-,-,1,0,0,-,0.00%,-,100.00%,-,-
LOOP CAPITAL MARKETS LLC,0,0,1,8/25/2015,0,US-CRED,US,Nirav Thakker,US,AEE 6.7 02/01/19,Buy,-,MAXESSUS,USD,MarketAxess,No,CompCash,Dealer Reject,DealerRejected,non-inventory,1,0,0,-,0.00%,-,100.00%,-,-,-,1,0,0,-,0.00%,-,100.00%,-,-
HAYWOOD SECURITIES INC-VANCOUVER,0,0,1,8/25/2015,0,US-CRED,US,Nirav Thakker,US,AEE 6.7 02/01/19,Buy,-,MAXESSUS,USD,MarketAxess,No,CompCash,Dealer Reject,DealerRejected,non-inventory,1,0,0,-,0.00%,-,100.00%,-,-,-,1,0,0,-,0.00%,-,100.00%,-,-
