[
  {
    "OrderId": 1,
    "EnteredOn": "1/9/2012 16:41",
    "UpdatedOn": "5/6/2015 12:00",
    "OrigSystemStatus": "ACCEPTED",
    "MatchedStatus": "MATCHED",
    "Ticket Type": "New",
    "Book": "MFI-NEG",
    "RBCState": "SELL",
    "Amount": 345000,
    "Notional": 345000,
    "SecurityDescription": "BRZUTL 3.0 2027-03-01",
    "Cusip": "10606TEJ8"
  },
  {
    "OrderId": 2,
    "EnteredOn": "1/20/2012 10:30",
    "UpdatedOn": "5/18/2015 11:27",
    "OrigSystemStatus": "ACCEPTED",
    "MatchedStatus": "MATCHED",
    "Ticket Type": "New",
    "Book": "SA-SOUTH",
    "RBCState": "SELL",
    "Amount": 150000,
    "Notional": 150000,
    "SecurityDescription": "AAR 5.0 2018-03-01",
    "Cusip": "03588EZV8"
  },
  {
    "OrderId": 3,
    "EnteredOn": "8/22/2012 11:44",
    "UpdatedOn": "5/5/2015 15:17",
    "OrigSystemStatus": "ACCEPTED",
    "MatchedStatus": "MATCHED",
    "Ticket Type": "New",
    "Book": "NSATNABS",
    "RBCState": "SELL",
    "Amount": 7500000,
    "Notional": 7500000,
    "SecurityDescription": "SYNCT 2015-2 A",
    "Cusip": "87165LAK7"
  },
  {
    "OrderId": 4,
    "EnteredOn": "8/29/2012 9:36",
    "UpdatedOn": "5/13/2015 12:00",
    "OrigSystemStatus": "ACCEPTED",
    "MatchedStatus": "MATCHED",
    "Ticket Type": "New",
    "Book": "MFI-NEG",
    "RBCState": "SELL",
    "Amount": 200000,
    "Notional": 200000,
    "SecurityDescription": "TEM 3.0 2023-07-01",
    "Cusip": "8797092H5"
  },
  {
    "OrderId": 5,
    "EnteredOn": "8/30/2012 12:56",
    "UpdatedOn": "5/14/2015 16:55",
    "OrigSystemStatus": "ACCEPTED",
    "MatchedStatus": "MATCHED",
    "Ticket Type": "New",
    "Book": "SA-SOUTH",
    "RBCState": "BUY",
    "Amount": 50000,
    "Notional": 50000,
    "SecurityDescription": "MDSMED 5.0 2018-05-15",
    "Cusip": "574218DE0"
  },
  {
    "OrderId": 6,
    "EnteredOn": "9/4/2012 11:14",
    "UpdatedOn": "5/18/2015 10:25",
    "OrigSystemStatus": "ACCEPTED",
    "MatchedStatus": "MATCHED",
    "Ticket Type": "New",
    "Book": "SA-SOUTH",
    "RBCState": "SELL",
    "Amount": 200000,
    "Notional": 200000,
    "SecurityDescription": "ORAEDU 5.0 2032-08-01",
    "Cusip": "684517LU7"
  },
  {
    "OrderId": 7,
    "EnteredOn": "9/4/2012 13:30",
    "UpdatedOn": "5/18/2015 12:36",
    "OrigSystemStatus": "ACCEPTED",
    "MatchedStatus": "MATCHED",
    "Ticket Type": "New",
    "Book": "MUNISHRT",
    "RBCState": "BUY",
    "Amount": 2000000,
    "Notional": 2000000,
    "SecurityDescription": "SANSCD 5.0 2017-02-15",
    "Cusip": "796269VE5"
  },
  {
    "OrderId": 8,
    "EnteredOn": "4/23/2013 16:36",
    "UpdatedOn": "5/5/2015 13:10",
    "OrigSystemStatus": "ACCEPTED",
    "MatchedStatus": "MATCHED",
    "Ticket Type": "New",
    "Book": "INVGRADE",
    "RBCState": "SELL",
    "Amount": 93000,
    "Notional": 93000,
    "SecurityDescription": "HES 7 7/8 10/01/29",
    "Cusip": "023551AF1"
  },
  {
    "OrderId": 9,
    "EnteredOn": "4/24/2013 12:50",
    "UpdatedOn": "5/5/2015 16:52",
    "OrigSystemStatus": "ACCEPTED",
    "MatchedStatus": "MATCHED",
    "Ticket Type": "New",
    "Book": "CARSEC",
    "RBCState": "SELL",
    "Amount": 80000,
    "Notional": 80000,
    "SecurityDescription": "LOSUTL 5.0 2024-07-01",
    "Cusip": "544525QN1"
  },
  {
    "OrderId": 10,
    "EnteredOn": "4/24/2013 15:11",
    "UpdatedOn": "5/6/2015 11:30",
    "OrigSystemStatus": "ACCEPTED",
    "MatchedStatus": "MATCHED",
    "Ticket Type": "New",
    "Book": "MFI-NEG",
    "RBCState": "SELL",
    "Amount": 125000,
    "Notional": 125000,
    "SecurityDescription": "BMO ASSET MANAGEMENT CORP",
    "Cusip": "949232CX8"
  },
  {
    "OrderId": 11,
    "EnteredOn": "4/26/2013 15:45",
    "UpdatedOn": "5/8/2015 14:11",
    "OrigSystemStatus": "ACCEPTED",
    "MatchedStatus": "MATCHED",
    "Ticket Type": "Amended",
    "Book": "MFI-NEG",
    "RBCState": "SELL",
    "Amount": 1500000,
    "Notional": 1500000,
    "SecurityDescription": "PEM 5.0 2023-09-01",
    "Cusip": "70643FCN0"
  },
  {
    "OrderId": 12,
    "EnteredOn": "4/29/2013 15:26",
    "UpdatedOn": "5/11/2015 15:01",
    "OrigSystemStatus": "ACCEPTED",
    "MatchedStatus": "MATCHED",
    "Ticket Type": "New",
    "Book": "INVGRADE",
    "RBCState": "SELL",
    "Amount": 50000,
    "Notional": 50000,
    "SecurityDescription": "VZ 3 11/01/21",
    "Cusip": "92343VCN2"
  },
  {
    "OrderId": 13,
    "EnteredOn": "4/29/2013 15:57",
    "UpdatedOn": "5/11/2015 15:42",
    "OrigSystemStatus": "ACCEPTED",
    "MatchedStatus": "MATCHED",
    "Ticket Type": "New",
    "Book": "CBUYMIN",
    "RBCState": "BUY",
    "Amount": 25000,
    "Notional": 25000,
    "SecurityDescription": "HOUHGR 4.0 2030-08-15",
    "Cusip": "44237HBX2"
  },
  {
    "OrderId": 14,
    "EnteredOn": "4/30/2013 14:28",
    "UpdatedOn": "5/12/2015 14:58",
    "OrigSystemStatus": "ACCEPTED",
    "MatchedStatus": "MATCHED",
    "Ticket Type": "New",
    "Book": "SA-SOUTH",
    "RBCState": "BUY",
    "Amount": 15000,
    "Notional": 15000,
    "SecurityDescription": "BRLSCD 4.95 2018-03-01",
    "Cusip": "109007BQ6"
  },
  {
    "OrderId": 15,
    "EnteredOn": "5/1/2013 12:00",
    "UpdatedOn": "5/13/2015 12:00",
    "OrigSystemStatus": "ACCEPTED",
    "MatchedStatus": "MATCHED",
    "Ticket Type": "New",
    "Book": "MFI-NEG",
    "RBCState": "SELL",
    "Amount": 1000000,
    "Notional": 1000000,
    "SecurityDescription": "TEM 2.25 2022-07-01",
    "Cusip": "8797092G7"
  },
  {
    "OrderId": 16,
    "EnteredOn": "5/1/2013 12:00",
    "UpdatedOn": "5/13/2015 12:00",
    "OrigSystemStatus": "ACCEPTED",
    "MatchedStatus": "MATCHED",
    "Ticket Type": "New",
    "Book": "MFI-NEG",
    "RBCState": "SELL",
    "Amount": 100000,
    "Notional": 100000,
    "SecurityDescription": "TEM 2.0 2017-07-01",
    "Cusip": "8797092B8"
  },
  {
    "OrderId": 17,
    "EnteredOn": "5/1/2013 12:00",
    "UpdatedOn": "5/13/2015 12:00",
    "OrigSystemStatus": "ACCEPTED",
    "MatchedStatus": "MATCHED",
    "Ticket Type": "New",
    "Book": "MFI-NEG",
    "RBCState": "SELL",
    "Amount": 1285000,
    "Notional": 1285000,
    "SecurityDescription": "TEM 1.0 2016-07-01",
    "Cusip": "8797092A0"
  },
  {
    "OrderId": 18,
    "EnteredOn": "5/1/2013 12:00",
    "UpdatedOn": "5/13/2015 12:00",
    "OrigSystemStatus": "ACCEPTED",
    "MatchedStatus": "MATCHED",
    "Ticket Type": "New",
    "Book": "MFI-NEG",
    "RBCState": "SELL",
    "Amount": 50000,
    "Notional": 50000,
    "SecurityDescription": "TEM 2.0 2019-07-01",
    "Cusip": "8797092D4"
  },
  {
    "OrderId": 19,
    "EnteredOn": "5/1/2013 12:00",
    "UpdatedOn": "5/13/2015 12:00",
    "OrigSystemStatus": "ACCEPTED",
    "MatchedStatus": "MATCHED",
    "Ticket Type": "New",
    "Book": "MFI-NEG",
    "RBCState": "SELL",
    "Amount": 1045000,
    "Notional": 1045000,
    "SecurityDescription": "TEM 2.0 2020-07-01",
    "Cusip": 880000000
  },
  {
    "OrderId": 20,
    "EnteredOn": "5/1/2013 12:02",
    "UpdatedOn": "5/13/2015 12:00",
    "OrigSystemStatus": "ACCEPTED",
    "MatchedStatus": "MATCHED",
    "Ticket Type": "New",
    "Book": "MFI-NEG",
    "RBCState": "SELL",
    "Amount": 1475000,
    "Notional": 1475000,
    "SecurityDescription": "TEM 3.75 2031-07-01",
    "Cusip": "8797092R3"
  },
  {
    "OrderId": 21,
    "EnteredOn": "5/1/2013 13:58",
    "UpdatedOn": "5/13/2015 13:56",
    "OrigSystemStatus": "ACCEPTED",
    "MatchedStatus": "MATCHED",
    "Ticket Type": "New",
    "Book": "ANSEC",
    "RBCState": "BUY",
    "Amount": 10000,
    "Notional": 10000,
    "SecurityDescription": "COL 4.0 2020-06-01",
    "Cusip": "198432FW1"
  },
  {
    "OrderId": 22,
    "EnteredOn": "5/1/2013 15:01",
    "UpdatedOn": "5/13/2015 15:12",
    "OrigSystemStatus": "ACCEPTED",
    "MatchedStatus": "MATCHED",
    "Ticket Type": "Amended",
    "Book": "MUNIBQ",
    "RBCState": "SELL",
    "Amount": 1000000,
    "Notional": 1000000,
    "SecurityDescription": "GEWSCD 4.0 2038-12-01",
    "Cusip": "39583QAM7"
  },
  {
    "OrderId": 23,
    "EnteredOn": "5/1/2013 16:13",
    "UpdatedOn": "5/14/2015 11:00",
    "OrigSystemStatus": "ACCEPTED",
    "MatchedStatus": "MATCHED",
    "Ticket Type": "New",
    "Book": "MFI-NEG",
    "RBCState": "SELL",
    "Amount": 1500000,
    "Notional": 1500000,
    "SecurityDescription": "CAPITAL RESEARCH AND MGMT CO",
    "Cusip": "833715BL8"
  },
  {
    "OrderId": 24,
    "EnteredOn": "5/2/2013 9:57",
    "UpdatedOn": "5/14/2015 11:37",
    "OrigSystemStatus": "ACCEPTED",
    "MatchedStatus": "MATCHED",
    "Ticket Type": "New",
    "Book": "SA-SOUTH",
    "RBCState": "SELL",
    "Amount": 35000,
    "Notional": 35000,
    "SecurityDescription": "MTHUTL 4.0 2019-12-01",
    "Cusip": "621472CQ0"
  },
  {
    "OrderId": 25,
    "EnteredOn": "5/2/2013 12:26",
    "UpdatedOn": "5/14/2015 13:31",
    "OrigSystemStatus": "ACCEPTED",
    "MatchedStatus": "MATCHED",
    "Ticket Type": "New",
    "Book": "MFI-NEG",
    "RBCState": "SELL",
    "Amount": 510000,
    "Notional": 510000,
    "SecurityDescription": "PKLSCD 3.0 2027-01-15",
    "Cusip": "701383TF8"
  },
  {
    "OrderId": 26,
    "EnteredOn": "5/2/2013 14:18",
    "UpdatedOn": "5/14/2015 15:37",
    "OrigSystemStatus": "ACCEPTED",
    "MatchedStatus": "MATCHED",
    "Ticket Type": "New",
    "Book": "MUNISHRT",
    "RBCState": "SELL",
    "Amount": 745000,
    "Notional": 745000,
    "SecurityDescription": "EAO 5.0 2023-07-15",
    "Cusip": "274137N79"
  },
  {
    "OrderId": 27,
    "EnteredOn": "5/2/2013 15:44",
    "UpdatedOn": "5/14/2015 17:08",
    "OrigSystemStatus": "ACCEPTED",
    "MatchedStatus": "MATCHED",
    "Ticket Type": "New",
    "Book": "SHORTSEC",
    "RBCState": "SELL",
    "Amount": 2785000,
    "Notional": 2785000,
    "SecurityDescription": "NJS 5.25 2015-07-15",
    "Cusip": "646039KD8"
  },
  {
    "OrderId": 28,
    "EnteredOn": "5/6/2013 13:01",
    "UpdatedOn": "5/18/2015 11:57",
    "OrigSystemStatus": "ACCEPTED",
    "MatchedStatus": "MATCHED",
    "Ticket Type": "New",
    "Book": "CARSEC",
    "RBCState": "BUY",
    "Amount": 15000,
    "Notional": 15000,
    "SecurityDescription": "INDFAC 5.15 2035-09-01",
    "Cusip": "455697AS1"
  },
  {
    "OrderId": 29,
    "EnteredOn": "5/6/2013 13:06",
    "UpdatedOn": "5/18/2015 12:25",
    "OrigSystemStatus": "ACCEPTED",
    "MatchedStatus": "MATCHED",
    "Ticket Type": "Amended",
    "Book": "HEDGE-TN",
    "RBCState": "BUY",
    "Amount": 2500000,
    "Notional": 2500000,
    "SecurityDescription": "KELSCD 5.0 2028-02-15",
    "Cusip": "487694PC9"
  },
  {
    "OrderId": 30,
    "EnteredOn": "12/11/2013 13:30",
    "UpdatedOn": "5/5/2015 10:10",
    "OrigSystemStatus": "ACCEPTED",
    "MatchedStatus": "MATCHED",
    "Ticket Type": "New",
    "Book": "CORPHEDG",
    "RBCState": "SELL",
    "Amount": 200000,
    "Notional": 200000,
    "SecurityDescription": "AMGN 2 1/8 05/01/20",
    "Cusip": "031162BW9"
  },
  {
    "OrderId": 31,
    "EnteredOn": "12/16/2013 15:29",
    "UpdatedOn": "5/7/2015 15:30",
    "OrigSystemStatus": "ACCEPTED",
    "MatchedStatus": "MATCHED",
    "Ticket Type": "New",
    "Book": "MFI-NEG",
    "RBCState": "SELL",
    "Amount": 1000000,
    "Notional": 1000000,
    "SecurityDescription": "UNMHGR 2.048 2020-06-20",
    "Cusip": "914692W87"
  },
  {
    "OrderId": 32,
    "EnteredOn": "12/16/2013 15:32",
    "UpdatedOn": "5/7/2015 15:30",
    "OrigSystemStatus": "ACCEPTED",
    "MatchedStatus": "MATCHED",
    "Ticket Type": "New",
    "Book": "MFI-NEG",
    "RBCState": "SELL",
    "Amount": 3500000,
    "Notional": 3500000,
    "SecurityDescription": "UNMHGR 2.383 2021-06-20",
    "Cusip": "914692W95"
  },
  {
    "OrderId": 33,
    "EnteredOn": "12/17/2013 13:29",
    "UpdatedOn": "5/8/2015 14:00",
    "OrigSystemStatus": "ACCEPTED",
    "MatchedStatus": "MATCHED",
    "Ticket Type": "New",
    "Book": "MFI-NEG",
    "RBCState": "SELL",
    "Amount": 2000000,
    "Notional": 2000000,
    "SecurityDescription": "PEM 5.0 2028-09-01",
    "Cusip": "70643FCT7"
  },
  {
    "OrderId": 34,
    "EnteredOn": "12/17/2013 13:30",
    "UpdatedOn": "5/8/2015 14:00",
    "OrigSystemStatus": "ACCEPTED",
    "MatchedStatus": "MATCHED",
    "Ticket Type": "New",
    "Book": "MFI-NEG",
    "RBCState": "SELL",
    "Amount": 4875000,
    "Notional": 4875000,
    "SecurityDescription": "PEM 5.0 2033-09-01",
    "Cusip": "70643FCY6"
  },
  {
    "OrderId": 35,
    "EnteredOn": "12/17/2013 13:31",
    "UpdatedOn": "5/8/2015 14:00",
    "OrigSystemStatus": "ACCEPTED",
    "MatchedStatus": "MATCHED",
    "Ticket Type": "New",
    "Book": "MFI-NEG",
    "RBCState": "SELL",
    "Amount": 1595000,
    "Notional": 1595000,
    "SecurityDescription": "PEM 5.0 2028-09-01",
    "Cusip": "70643FCT7"
  },
  {
    "OrderId": 36,
    "EnteredOn": "12/19/2013 10:43",
    "UpdatedOn": "5/13/2015 10:00",
    "OrigSystemStatus": "ACCEPTED",
    "MatchedStatus": "MATCHED",
    "Ticket Type": "New",
    "Book": "MFI-COMP",
    "RBCState": "SELL",
    "Amount": 250000,
    "Notional": 250000,
    "SecurityDescription": "AURCTF 3.5 2019-12-01",
    "Cusip": "051556GG7"
  },
  {
    "OrderId": 37,
    "EnteredOn": "5/21/2014 0:00",
    "UpdatedOn": "5/11/2015 0:00",
    "OrigSystemStatus": "ACCEPTED",
    "MatchedStatus": "MATCHED",
    "Ticket Type": "Cancelled",
    "Book": 6820,
    "RBCState": "BUY",
    "Amount": 100000,
    "Notional": 100000,
    "SecurityDescription": "COLUMBIA MGMT INV ADVISERS LLC",
    "Cusip": "60635R2J5"
  },
  {
    "OrderId": 38,
    "EnteredOn": "8/7/2014 16:24",
    "UpdatedOn": "5/5/2015 16:57",
    "OrigSystemStatus": "ACCEPTED",
    "MatchedStatus": "MATCHED",
    "Ticket Type": "New",
    "Book": "SA-SOUTH",
    "RBCState": "BUY",
    "Amount": 20000,
    "Notional": 20000,
    "SecurityDescription": "MASEDU 5.0 2021-10-15",
    "Cusip": "576000LZ4"
  },
  {
    "OrderId": 39,
    "EnteredOn": "8/19/2014 15:10",
    "UpdatedOn": "5/5/2015 10:21",
    "OrigSystemStatus": "ACCEPTED",
    "MatchedStatus": "MATCHED",
    "Ticket Type": "New",
    "Book": "MM-YIELD",
    "RBCState": "SELL",
    "Amount": 1000000,
    "Notional": 1000000,
    "SecurityDescription": "CASMED 5.0 2032-10-01",
    "Cusip": "13033L4C8"
  },
  {
    "OrderId": 40,
    "EnteredOn": "8/19/2014 15:44",
    "UpdatedOn": "5/5/2015 11:06",
    "OrigSystemStatus": "ACCEPTED",
    "MatchedStatus": "MATCHED",
    "Ticket Type": "New",
    "Book": "ANSEC",
    "RBCState": "BUY",
    "Amount": 25000,
    "Notional": 25000,
    "SecurityDescription": "VBH 5.0 2024-04-01",
    "Cusip": "927734XB4"
  },
  {
    "OrderId": 41,
    "EnteredOn": "8/19/2014 16:07",
    "UpdatedOn": "5/5/2015 11:29",
    "OrigSystemStatus": "ACCEPTED",
    "MatchedStatus": "MATCHED",
    "Ticket Type": "New",
    "Book": "HEDGE-TN",
    "RBCState": "SELL",
    "Amount": 425000,
    "Notional": 425000,
    "SecurityDescription": "MIA 4.0 2033-07-01",
    "Cusip": "59333FRX0"
  },
  {
    "OrderId": 42,
    "EnteredOn": "8/19/2014 16:34",
    "UpdatedOn": "5/5/2015 12:02",
    "OrigSystemStatus": "ACCEPTED",
    "MatchedStatus": "MATCHED",
    "Ticket Type": "New",
    "Book": "CARSEC",
    "RBCState": "BUY",
    "Amount": 25000,
    "Notional": 25000,
    "SecurityDescription": "MAU 5.0 2018-03-01",
    "Cusip": "5772853T4"
  },
  {
    "OrderId": 43,
    "EnteredOn": "8/20/2014 9:58",
    "UpdatedOn": "5/5/2015 13:52",
    "OrigSystemStatus": "ACCEPTED",
    "MatchedStatus": "MATCHED",
    "Ticket Type": "Cancelled",
    "Book": "EMERGING",
    "RBCState": "BUY",
    "Amount": 50000,
    "Notional": 50000,
    "SecurityDescription": "ONT 6.25 16JUN15",
    "Cusip": "683234XF0"
  },
  {
    "OrderId": 44,
    "EnteredOn": "8/20/2014 10:23",
    "UpdatedOn": "5/5/2015 13:40",
    "OrigSystemStatus": "ACCEPTED",
    "MatchedStatus": "MATCHED",
    "Ticket Type": "New",
    "Book": "PARSEC2",
    "RBCState": "BUY",
    "Amount": 80000,
    "Notional": 80000,
    "SecurityDescription": "NJSTRN 5.0 2034-12-15",
    "Cusip": "646136QC8"
  },
  {
    "OrderId": 45,
    "EnteredOn": "8/20/2014 11:24",
    "UpdatedOn": "5/5/2015 14:18",
    "OrigSystemStatus": "ACCEPTED",
    "MatchedStatus": "MATCHED",
    "Ticket Type": "New",
    "Book": "PARSEC2",
    "RBCState": "BUY",
    "Amount": 20000,
    "Notional": 20000,
    "SecurityDescription": "RDW 4.0 2030-07-01",
    "Cusip": "766243TS8"
  },
  {
    "OrderId": 46,
    "EnteredOn": "8/20/2014 11:25",
    "UpdatedOn": "5/5/2015 14:23",
    "OrigSystemStatus": "ACCEPTED",
    "MatchedStatus": "MATCHED",
    "Ticket Type": "New",
    "Book": "PARSEC",
    "RBCState": "BUY",
    "Amount": 30000,
    "Notional": 30000,
    "SecurityDescription": "CTSMED 4.25 2031-07-01",
    "Cusip": "20774YKR7"
  },
  {
    "OrderId": 47,
    "EnteredOn": "8/20/2014 12:01",
    "UpdatedOn": "5/5/2015 15:12",
    "OrigSystemStatus": "ACCEPTED",
    "MatchedStatus": "MATCHED",
    "Ticket Type": "New",
    "Book": "NSATNABS",
    "RBCState": "SELL",
    "Amount": 152000000,
    "Notional": 152000000,
    "SecurityDescription": "SYNCT 2015-2 A",
    "Cusip": "87165LAK7"
  },
  {
    "OrderId": 48,
    "EnteredOn": "8/20/2014 12:17",
    "UpdatedOn": "5/5/2015 15:03",
    "OrigSystemStatus": "ACCEPTED",
    "MatchedStatus": "MATCHED",
    "Ticket Type": "New",
    "Book": "INVGRADE",
    "RBCState": "BUY",
    "Amount": 100000,
    "Notional": 100000,
    "SecurityDescription": "SCCO 5 1/4 11/08/42",
    "Cusip": "84265VAG0"
  },
  {
    "OrderId": 49,
    "EnteredOn": "8/20/2014 12:29",
    "UpdatedOn": "5/5/2015 15:15",
    "OrigSystemStatus": "ACCEPTED",
    "MatchedStatus": "MATCHED",
    "Ticket Type": "New",
    "Book": "MBOT",
    "RBCState": "SELL",
    "Amount": 105000,
    "Notional": 105000,
    "SecurityDescription": "ALBUTL 5.0 2022-07-01",
    "Cusip": "013493BM2"
  },
  {
    "OrderId": 50,
    "EnteredOn": "8/20/2014 13:23",
    "UpdatedOn": "5/6/2015 9:34",
    "OrigSystemStatus": "ACCEPTED",
    "MatchedStatus": "MATCHED",
    "Ticket Type": "New",
    "Book": "NESEC",
    "RBCState": "SELL",
    "Amount": 1455000,
    "Notional": 1455000,
    "SecurityDescription": "ALB 2.0 2016-06-01",
    "Cusip": "0124286W3"
  },
  {
    "OrderId": 51,
    "EnteredOn": "8/20/2014 13:51",
    "UpdatedOn": "5/5/2015 16:09",
    "OrigSystemStatus": "ACCEPTED",
    "MatchedStatus": "MATCHED",
    "Ticket Type": "New",
    "Book": "NSATNABS",
    "RBCState": "SELL",
    "Amount": 10000000,
    "Notional": 10000000,
    "SecurityDescription": "SYNCT 2015-2 A",
    "Cusip": "87165LAK7"
  },
  {
    "OrderId": 52,
    "EnteredOn": "8/20/2014 14:08",
    "UpdatedOn": "5/5/2015 16:23",
    "OrigSystemStatus": "ACCEPTED",
    "MatchedStatus": "MATCHED",
    "Ticket Type": "New",
    "Book": "ANSEC",
    "RBCState": "SELL",
    "Amount": 5000,
    "Notional": 5000,
    "SecurityDescription": "GAS 5.0 2019-07-01",
    "Cusip": "3733834M7"
  },
  {
    "OrderId": 53,
    "EnteredOn": "8/20/2014 14:29",
    "UpdatedOn": "5/5/2015 16:43",
    "OrigSystemStatus": "ACCEPTED",
    "MatchedStatus": "MATCHED",
    "Ticket Type": "New",
    "Book": "HEDGE-TN",
    "RBCState": "SELL",
    "Amount": 500000,
    "Notional": 500000,
    "SecurityDescription": "SLS 5.0 2029-10-15",
    "Cusip": "794665GE3"
  },
  {
    "OrderId": 54,
    "EnteredOn": "8/20/2014 14:33",
    "UpdatedOn": "5/5/2015 16:49",
    "OrigSystemStatus": "ACCEPTED",
    "MatchedStatus": "MATCHED",
    "Ticket Type": "New",
    "Book": "SA-SOUTH",
    "RBCState": "BUY",
    "Amount": 125000,
    "Notional": 125000,
    "SecurityDescription": "NYCMED 5.0 2021-02-15",
    "Cusip": "649674JZ2"
  },
  {
    "OrderId": 55,
    "EnteredOn": "8/20/2014 14:36",
    "UpdatedOn": "5/5/2015 16:57",
    "OrigSystemStatus": "ACCEPTED",
    "MatchedStatus": "MATCHED",
    "Ticket Type": "New",
    "Book": "SA-SOUTH",
    "RBCState": "SELL",
    "Amount": 125000,
    "Notional": 125000,
    "SecurityDescription": "ENEPWR 5.0 2021-07-01",
    "Cusip": "29270CXR1"
  },
  {
    "OrderId": 56,
    "EnteredOn": "8/20/2014 14:36",
    "UpdatedOn": "5/5/2015 16:58",
    "OrigSystemStatus": "ACCEPTED",
    "MatchedStatus": "MATCHED",
    "Ticket Type": "New",
    "Book": "SA-SOUTH",
    "RBCState": "BUY",
    "Amount": 65000,
    "Notional": 65000,
    "SecurityDescription": "WIS 5.0 2023-11-01",
    "Cusip": "97705L6E2"
  },
  {
    "OrderId": 57,
    "EnteredOn": "8/20/2014 14:39",
    "UpdatedOn": "5/5/2015 16:58",
    "OrigSystemStatus": "ACCEPTED",
    "MatchedStatus": "MATCHED",
    "Ticket Type": "New",
    "Book": "SA-SOUTH",
    "RBCState": "SELL",
    "Amount": 165000,
    "Notional": 165000,
    "SecurityDescription": "NYCFAC 5.0 2022-07-15",
    "Cusip": "64972HUF7"
  },
  {
    "OrderId": 58,
    "EnteredOn": "8/20/2014 15:11",
    "UpdatedOn": "5/6/2015 8:22",
    "OrigSystemStatus": "ACCEPTED",
    "MatchedStatus": "MATCHED",
    "Ticket Type": "New",
    "Book": "MM-YIELD",
    "RBCState": "BUY",
    "Amount": 1290000,
    "Notional": 1290000,
    "SecurityDescription": "MEMAPT 5.0 2025-07-01",
    "Cusip": "586111LZ7"
  },
  {
    "OrderId": 59,
    "EnteredOn": "8/20/2014 15:39",
    "UpdatedOn": "5/6/2015 9:30",
    "OrigSystemStatus": "ACCEPTED",
    "MatchedStatus": "MATCHED",
    "Ticket Type": "New",
    "Book": "INVGRADE",
    "RBCState": "SELL",
    "Amount": 600000,
    "Notional": 600000,
    "SecurityDescription": "T 2.45 06/30/20",
    "Cusip": "00206RCL4"
  },
  {
    "OrderId": 60,
    "EnteredOn": "8/20/2014 15:42",
    "UpdatedOn": "5/6/2015 9:48",
    "OrigSystemStatus": "ACCEPTED",
    "MatchedStatus": "MATCHED",
    "Ticket Type": "Cancelled",
    "Book": "CORPHEDG",
    "RBCState": "SELL",
    "Amount": 750000,
    "Notional": 750000,
    "SecurityDescription": "TXN 1 3/4 05/01/20",
    "Cusip": "882508AZ7"
  },
  {
    "OrderId": 61,
    "EnteredOn": "8/20/2014 15:52",
    "UpdatedOn": "5/6/2015 9:52",
    "OrigSystemStatus": "ACCEPTED",
    "MatchedStatus": "MATCHED",
    "Ticket Type": "New",
    "Book": "MBOT",
    "RBCState": "SELL",
    "Amount": 100000,
    "Notional": 100000,
    "SecurityDescription": "NYC 5.25 2020-09-01",
    "Cusip": "64966HAX8"
  },
  {
    "OrderId": 62,
    "EnteredOn": "8/20/2014 15:56",
    "UpdatedOn": "5/6/2015 9:55",
    "OrigSystemStatus": "ACCEPTED",
    "MatchedStatus": "MATCHED",
    "Ticket Type": "New",
    "Book": "ANSEC",
    "RBCState": "SELL",
    "Amount": 50000,
    "Notional": 50000,
    "SecurityDescription": "57419PH51",
    "Cusip": "57419PH51"
  },
  {
    "OrderId": 63,
    "EnteredOn": "8/20/2014 16:09",
    "UpdatedOn": "5/6/2015 10:32",
    "OrigSystemStatus": "ACCEPTED",
    "MatchedStatus": "MATCHED",
    "Ticket Type": "New",
    "Book": "NJRSEC",
    "RBCState": "SELL",
    "Amount": 25000,
    "Notional": 25000,
    "SecurityDescription": "MTATRN 5.25 2031-11-15",
    "Cusip": "59259YG86"
  },
  {
    "OrderId": 64,
    "EnteredOn": "8/20/2014 16:27",
    "UpdatedOn": "5/6/2015 10:48",
    "OrigSystemStatus": "ACCEPTED",
    "MatchedStatus": "MATCHED",
    "Ticket Type": "New",
    "Book": "CARSEC",
    "RBCState": "SELL",
    "Amount": 100000,
    "Notional": 100000,
    "SecurityDescription": "VSTCTF 5.0 2019-05-01",
    "Cusip": "92831HBD5"
  },
  {
    "OrderId": 65,
    "EnteredOn": "8/20/2014 16:35",
    "UpdatedOn": "5/6/2015 10:55",
    "OrigSystemStatus": "ACCEPTED",
    "MatchedStatus": "MATCHED",
    "Ticket Type": "New",
    "Book": "NESEC",
    "RBCState": "SELL",
    "Amount": 675000,
    "Notional": 675000,
    "SecurityDescription": "OKSUTL 3.0 2017-07-01",
    "Cusip": "678252FE2"
  },
  {
    "OrderId": 66,
    "EnteredOn": "8/21/2014 9:04",
    "UpdatedOn": "5/6/2015 11:23",
    "OrigSystemStatus": "ACCEPTED",
    "MatchedStatus": "MATCHED",
    "Ticket Type": "New",
    "Book": "CARSEC",
    "RBCState": "SELL",
    "Amount": 1000000,
    "Notional": 1000000,
    "SecurityDescription": "OXNUTL 5.0 2034-06-01",
    "Cusip": "691878BX9"
  },
  {
    "OrderId": 67,
    "EnteredOn": "8/21/2014 9:13",
    "UpdatedOn": "5/6/2015 11:25",
    "OrigSystemStatus": "ACCEPTED",
    "MatchedStatus": "MATCHED",
    "Ticket Type": "New",
    "Book": "PARSEC2",
    "RBCState": "BUY",
    "Amount": 25000,
    "Notional": 25000,
    "SecurityDescription": "CNBUTL 3.65 2015-12-01",
    "Cusip": "138015EZ1"
  },
  {
    "OrderId": 68,
    "EnteredOn": "8/21/2014 9:55",
    "UpdatedOn": "5/6/2015 11:36",
    "OrigSystemStatus": "ACCEPTED",
    "MatchedStatus": "MATCHED",
    "Ticket Type": "Amended",
    "Book": "MFI-NEG",
    "RBCState": "SELL",
    "Amount": 75000,
    "Notional": 75000,
    "SecurityDescription": "WELSCD 1.25 2018-12-01",
    "Cusip": "949232CV2"
  },
  {
    "OrderId": 69,
    "EnteredOn": "8/21/2014 9:56",
    "UpdatedOn": "5/6/2015 11:30",
    "OrigSystemStatus": "ACCEPTED",
    "MatchedStatus": "MATCHED",
    "Ticket Type": "New",
    "Book": "MFI-NEG",
    "RBCState": "SELL",
    "Amount": 75000,
    "Notional": 75000,
    "SecurityDescription": "WELSCD 2.5 2021-12-01",
    "Cusip": "949232CY6"
  },
  {
    "OrderId": 70,
    "EnteredOn": "8/21/2014 10:00",
    "UpdatedOn": "5/6/2015 11:30",
    "OrigSystemStatus": "ACCEPTED",
    "MatchedStatus": "MATCHED",
    "Ticket Type": "New",
    "Book": "MFI-NEG",
    "RBCState": "SELL",
    "Amount": 65000,
    "Notional": 65000,
    "SecurityDescription": "WELSCD 4.0 2022-12-01",
    "Cusip": "949232CZ3"
  },
  {
    "OrderId": 71,
    "EnteredOn": "8/21/2014 10:01",
    "UpdatedOn": "5/6/2015 11:30",
    "OrigSystemStatus": "ACCEPTED",
    "MatchedStatus": "MATCHED",
    "Ticket Type": "New",
    "Book": "MFI-NEG",
    "RBCState": "SELL",
    "Amount": 150000,
    "Notional": 150000,
    "SecurityDescription": "WELSCD 2.0 2020-12-01",
    "Cusip": "949232CX8"
  },
  {
    "OrderId": 72,
    "EnteredOn": "8/21/2014 10:02",
    "UpdatedOn": "5/6/2015 11:30",
    "OrigSystemStatus": "ACCEPTED",
    "MatchedStatus": "MATCHED",
    "Ticket Type": "New",
    "Book": "MFI-NEG",
    "RBCState": "SELL",
    "Amount": 1345000,
    "Notional": 1345000,
    "SecurityDescription": "WELSCD 4.0 2023-12-01",
    "Cusip": "949232DA7"
  },
  {
    "OrderId": 73,
    "EnteredOn": "8/21/2014 10:02",
    "UpdatedOn": "5/6/2015 11:30",
    "OrigSystemStatus": "ACCEPTED",
    "MatchedStatus": "MATCHED",
    "Ticket Type": "New",
    "Book": "MFI-NEG",
    "RBCState": "SELL",
    "Amount": 100000,
    "Notional": 100000,
    "SecurityDescription": "WELSCD 2.5 2021-12-01",
    "Cusip": "949232CY6"
  },
  {
    "OrderId": 74,
    "EnteredOn": "8/21/2014 10:05",
    "UpdatedOn": "5/6/2015 11:30",
    "OrigSystemStatus": "ACCEPTED",
    "MatchedStatus": "MATCHED",
    "Ticket Type": "New",
    "Book": "MFI-NEG",
    "RBCState": "SELL",
    "Amount": 400000,
    "Notional": 400000,
    "SecurityDescription": "WELSCD 4.0 2023-12-01",
    "Cusip": "949232DA7"
  },
  {
    "OrderId": 75,
    "EnteredOn": "8/21/2014 10:06",
    "UpdatedOn": "5/6/2015 11:30",
    "OrigSystemStatus": "ACCEPTED",
    "MatchedStatus": "MATCHED",
    "Ticket Type": "New",
    "Book": "MFI-NEG",
    "RBCState": "SELL",
    "Amount": 100000,
    "Notional": 100000,
    "SecurityDescription": "WELSCD 2.5 2021-12-01",
    "Cusip": "949232CY6"
  },
  {
    "OrderId": 76,
    "EnteredOn": "8/21/2014 10:06",
    "UpdatedOn": "5/6/2015 11:30",
    "OrigSystemStatus": "ACCEPTED",
    "MatchedStatus": "MATCHED",
    "Ticket Type": "New",
    "Book": "MFI-NEG",
    "RBCState": "SELL",
    "Amount": 350000,
    "Notional": 350000,
    "SecurityDescription": "WELSCD 4.0 2023-12-01",
    "Cusip": "949232DA7"
  },
  {
    "OrderId": 77,
    "EnteredOn": "8/21/2014 10:07",
    "UpdatedOn": "5/6/2015 11:30",
    "OrigSystemStatus": "ACCEPTED",
    "MatchedStatus": "MATCHED",
    "Ticket Type": "New",
    "Book": "MFI-NEG",
    "RBCState": "SELL",
    "Amount": 1000000,
    "Notional": 1000000,
    "SecurityDescription": "WELSCD 4.0 2024-12-01",
    "Cusip": "949232DB5"
  },
  {
    "OrderId": 78,
    "EnteredOn": "8/21/2014 10:10",
    "UpdatedOn": "5/6/2015 11:30",
    "OrigSystemStatus": "ACCEPTED",
    "MatchedStatus": "MATCHED",
    "Ticket Type": "New",
    "Book": "MFI-NEG",
    "RBCState": "SELL",
    "Amount": 165000,
    "Notional": 165000,
    "SecurityDescription": "WELSCD 4.0 2024-12-01",
    "Cusip": "949232DB5"
  },
  {
    "OrderId": 79,
    "EnteredOn": "8/21/2014 10:10",
    "UpdatedOn": "5/6/2015 11:34",
    "OrigSystemStatus": "ACCEPTED",
    "MatchedStatus": "MATCHED",
    "Ticket Type": "Cancelled",
    "Book": "MFI-NEG",
    "RBCState": "SELL",
    "Amount": 625000,
    "Notional": 625000,
    "SecurityDescription": "WELSCD 4.0 2027-12-01",
    "Cusip": "949232DE9"
  },
  {
    "OrderId": 80,
    "EnteredOn": "8/21/2014 10:13",
    "UpdatedOn": "5/6/2015 11:30",
    "OrigSystemStatus": "ACCEPTED",
    "MatchedStatus": "MATCHED",
    "Ticket Type": "New",
    "Book": "MFI-NEG",
    "RBCState": "SELL",
    "Amount": 300000,
    "Notional": 300000,
    "SecurityDescription": "WELSCD 4.0 2025-12-01",
    "Cusip": "949232DC3"
  },
  {
    "OrderId": 81,
    "EnteredOn": "8/21/2014 11:04",
    "UpdatedOn": "5/6/2015 12:00",
    "OrigSystemStatus": "ACCEPTED",
    "MatchedStatus": "MATCHED",
    "Ticket Type": "New",
    "Book": "MFI-NEG",
    "RBCState": "SELL",
    "Amount": 310000,
    "Notional": 310000,
    "SecurityDescription": "BRZUTL 3.0 2024-03-01",
    "Cusip": "10606TEF6"
  },
  {
    "OrderId": 82,
    "EnteredOn": "8/21/2014 11:08",
    "UpdatedOn": "5/6/2015 12:00",
    "OrigSystemStatus": "ACCEPTED",
    "MatchedStatus": "MATCHED",
    "Ticket Type": "New",
    "Book": "MFI-NEG",
    "RBCState": "SELL",
    "Amount": 370000,
    "Notional": 370000,
    "SecurityDescription": "BRZUTL 3.25 2029-03-01",
    "Cusip": "10606TEL3"
  },
  {
    "OrderId": 83,
    "EnteredOn": "8/21/2014 11:25",
    "UpdatedOn": "5/6/2015 13:09",
    "OrigSystemStatus": "ACCEPTED",
    "MatchedStatus": "MATCHED",
    "Ticket Type": "New",
    "Book": "CARSEC",
    "RBCState": "BUY",
    "Amount": 150000,
    "Notional": 150000,
    "SecurityDescription": "OXNCTF 4.4 2021-09-01",
    "Cusip": "691884AQ3"
  },
  {
    "OrderId": 84,
    "EnteredOn": "8/21/2014 11:30",
    "UpdatedOn": "5/6/2015 15:34",
    "OrigSystemStatus": "ACCEPTED",
    "MatchedStatus": "MATCHED",
    "Ticket Type": "New",
    "Book": "MFI-NEG",
    "RBCState": "SELL",
    "Amount": 60000,
    "Notional": 60000,
    "SecurityDescription": "NYSHSG 2.0 2021-05-01",
    "Cusip": "64986U7C5"
  },
  {
    "OrderId": 85,
    "EnteredOn": "8/21/2014 11:30",
    "UpdatedOn": "5/6/2015 15:34",
    "OrigSystemStatus": "ACCEPTED",
    "MatchedStatus": "MATCHED",
    "Ticket Type": "New",
    "Book": "MFI-NEG",
    "RBCState": "SELL",
    "Amount": 120000,
    "Notional": 120000,
    "SecurityDescription": "NYSHSG 2.25 2022-05-01",
    "Cusip": "64986U7E1"
  },
  {
    "OrderId": 86,
    "EnteredOn": "8/21/2014 11:35",
    "UpdatedOn": "5/6/2015 12:30",
    "OrigSystemStatus": "ACCEPTED",
    "MatchedStatus": "MATCHED",
    "Ticket Type": "New",
    "Book": "MFI-NEG",
    "RBCState": "SELL",
    "Amount": 750000,
    "Notional": 750000,
    "SecurityDescription": "HENSCD 3.0 2021-08-15",
    "Cusip": "425308NM1"
  },
  {
    "OrderId": 87,
    "EnteredOn": "8/21/2014 11:44",
    "UpdatedOn": "5/6/2015 12:54",
    "OrigSystemStatus": "ACCEPTED",
    "MatchedStatus": "MATCHED",
    "Ticket Type": "New",
    "Book": "NESEC",
    "RBCState": "SELL",
    "Amount": 250000,
    "Notional": 250000,
    "SecurityDescription": "EAO 3.0 2016-07-15",
    "Cusip": "274137M88"
  },
  {
    "OrderId": 88,
    "EnteredOn": "8/21/2014 11:57",
    "UpdatedOn": "5/6/2015 12:57",
    "OrigSystemStatus": "ACCEPTED",
    "MatchedStatus": "MATCHED",
    "Ticket Type": "New",
    "Book": "PARSEC2",
    "RBCState": "SELL",
    "Amount": 30000,
    "Notional": 30000,
    "SecurityDescription": "HBGSCD 5.125 2033-04-01",
    "Cusip": "406660NA4"
  },
  {
    "OrderId": 89,
    "EnteredOn": "8/21/2014 12:02",
    "UpdatedOn": "5/6/2015 13:10",
    "OrigSystemStatus": "ACCEPTED",
    "MatchedStatus": "MATCHED",
    "Ticket Type": "New",
    "Book": "NESEC",
    "RBCState": "SELL",
    "Amount": 1085000,
    "Notional": 1085000,
    "SecurityDescription": "EAO 3.0 2016-07-15",
    "Cusip": "274137M88"
  },
  {
    "OrderId": 90,
    "EnteredOn": "8/21/2014 12:03",
    "UpdatedOn": "5/6/2015 13:12",
    "OrigSystemStatus": "ACCEPTED",
    "MatchedStatus": "MATCHED",
    "Ticket Type": "New",
    "Book": "NESEC",
    "RBCState": "SELL",
    "Amount": 1900000,
    "Notional": 1900000,
    "SecurityDescription": "EAO 5.0 2024-07-15",
    "Cusip": "274137N87"
  },
  {
    "OrderId": 91,
    "EnteredOn": "8/21/2014 12:04",
    "UpdatedOn": "5/6/2015 13:05",
    "OrigSystemStatus": "ACCEPTED",
    "MatchedStatus": "MATCHED",
    "Ticket Type": "New",
    "Book": "ANSEC",
    "RBCState": "BUY",
    "Amount": 500000,
    "Notional": 500000,
    "SecurityDescription": "FRAMED 4.0 2045-11-01",
    "Cusip": "353187BS5"
  },
  {
    "OrderId": 92,
    "EnteredOn": "8/21/2014 12:06",
    "UpdatedOn": "5/6/2015 13:13",
    "OrigSystemStatus": "ACCEPTED",
    "MatchedStatus": "MATCHED",
    "Ticket Type": "New",
    "Book": "NESEC",
    "RBCState": "SELL",
    "Amount": 410000,
    "Notional": 410000,
    "SecurityDescription": "EAO 3.25 2026-07-15",
    "Cusip": "274137P28"
  },
  {
    "OrderId": 93,
    "EnteredOn": "8/21/2014 12:31",
    "UpdatedOn": "5/6/2015 13:49",
    "OrigSystemStatus": "ACCEPTED",
    "MatchedStatus": "MATCHED",
    "Ticket Type": "Amended",
    "Book": "SHORTSEC",
    "RBCState": "BUY",
    "Amount": 3610000,
    "Notional": 3610000,
    "SecurityDescription": "MFYSCD 5.0 2032-12-01",
    "Cusip": "573479DX7"
  },
  {
    "OrderId": 94,
    "EnteredOn": "8/21/2014 13:51",
    "UpdatedOn": "5/6/2015 15:05",
    "OrigSystemStatus": "ACCEPTED",
    "MatchedStatus": "MATCHED",
    "Ticket Type": "New",
    "Book": "NYSECG",
    "RBCState": "BUY",
    "Amount": 605000,
    "Notional": 605000,
    "SecurityDescription": "EAO 3.0 2025-07-15",
    "Cusip": "274137P51"
  },
  {
    "OrderId": 95,
    "EnteredOn": "8/21/2014 14:39",
    "UpdatedOn": "5/6/2015 15:50",
    "OrigSystemStatus": "ACCEPTED",
    "MatchedStatus": "MATCHED",
    "Ticket Type": "New",
    "Book": "PARSEC",
    "RBCState": "SELL",
    "Amount": 100000,
    "Notional": 100000,
    "SecurityDescription": "MSKSCD 3.0 2031-12-01",
    "Cusip": "603670TB6"
  },
  {
    "OrderId": 96,
    "EnteredOn": "8/21/2014 14:53",
    "UpdatedOn": "5/7/2015 11:54",
    "OrigSystemStatus": "ACCEPTED",
    "MatchedStatus": "MATCHED",
    "Ticket Type": "Cancelled",
    "Book": "ANSEC",
    "RBCState": "SELL",
    "Amount": 100000,
    "Notional": 100000,
    "SecurityDescription": "MDSDEV 2.0 2040-09-01",
    "Cusip": "574221LK1"
  },
  {
    "OrderId": 97,
    "EnteredOn": "8/21/2014 15:41",
    "UpdatedOn": "5/6/2015 16:55",
    "OrigSystemStatus": "ACCEPTED",
    "MatchedStatus": "MATCHED",
    "Ticket Type": "New",
    "Book": "SA-SOUTH",
    "RBCState": "SELL",
    "Amount": 10000,
    "Notional": 10000,
    "SecurityDescription": "HARTRN 5.0 2025-11-01",
    "Cusip": "41422EEQ2"
  },
  {
    "OrderId": 98,
    "EnteredOn": "8/25/2014 8:14",
    "UpdatedOn": "5/7/2015 11:30",
    "OrigSystemStatus": "ACCEPTED",
    "MatchedStatus": "MATCHED",
    "Ticket Type": "New",
    "Book": "MFI-NEG",
    "RBCState": "SELL",
    "Amount": 235000,
    "Notional": 235000,
    "SecurityDescription": "NRESCD 5.0 2024-02-01",
    "Cusip": "659155HQ1"
  },
  {
    "OrderId": 99,
    "EnteredOn": "8/25/2014 8:49",
    "UpdatedOn": "5/7/2015 11:30",
    "OrigSystemStatus": "ACCEPTED",
    "MatchedStatus": "MATCHED",
    "Ticket Type": "New",
    "Book": "MFI-NEG",
    "RBCState": "SELL",
    "Amount": 250000,
    "Notional": 250000,
    "SecurityDescription": "NRESCD 5.0 2025-02-01",
    "Cusip": "659155HR9"
  },
  {
    "OrderId": 100,
    "EnteredOn": "8/25/2014 9:22",
    "UpdatedOn": "5/7/2015 11:40",
    "OrigSystemStatus": "ACCEPTED",
    "MatchedStatus": "MATCHED",
    "Ticket Type": "New",
    "Book": "NYSECG",
    "RBCState": "SELL",
    "Amount": 15000,
    "Notional": 15000,
    "SecurityDescription": "PASTRN 4.0 2041-12-01",
    "Cusip": "709224GT0"
  }
]