Sec Description,Cusip
327699,327699
22413271,22413271
30255878,30255878
41358584,41358584
49335879,49335879
69948977,69948977
90182131,90182131
93807619,93807619
98243349,98243349
1832 ASSET MANAGEMENT L.P GOF,1832 ASSET MANAGEMENT L.P GOF
ABERDEEN ASSET MANAGEMENT INC,ABERDEEN ASSET MANAGEMENT INC
ABERDEEN ASSET MANAGERS LTD,ABERDEEN ASSET MANAGERS LTD
ABERDN,ABERDN
ABN AMRO BANK (LUXEMBOURG) SA,ABN AMRO BANK (LUXEMBOURG) SA
ABU DHABI INVESTMENT AUTHORITY,ABU DHABI INVESTMENT AUTHORITY
ADDENDA CAPITAL INC,ADDENDA CAPITAL INC
AEGON NV,AEGON NV
AEGON USA INV MGMT-CEDAR RAPIDS,AEGON USA INV MGMT-CEDAR RAPIDS
AGINCOURT CAPITAL MGMT LLC-RICHMOND,AGINCOURT CAPITAL MGMT LLC-RICHMOND
ALBERTA TREASURY BRANCHES-EDMONTON,ALBERTA TREASURY BRANCHES-EDMONTON
ALLIANCEBERNSTEIN LP,ALLIANCEBERNSTEIN LP
ALLIANZ GLOBAL INVESTORS FRANCE SA,ALLIANZ GLOBAL INVESTORS FRANCE SA
ALLIANZ GLOBAL INVESTORS GMBH,ALLIANZ GLOBAL INVESTORS GMBH
ALLSTATE INSURANCE COMPANY,ALLSTATE INSURANCE COMPANY
ALM BRAND AS,ALM BRAND AS
AMERICAN INTERSTATE INSURANCE CO,AMERICAN INTERSTATE INSURANCE CO
AMUNDI (UK) LIMITED,AMUNDI (UK) LIMITED
AMUNDI INTERMEDIATION,AMUNDI INTERMEDIATION
AMUNDI SA,AMUNDI SA
ANIMA SGR SPA-MILAN,ANIMA SGR SPA-MILAN
ARBOR RESEARCH & TRADING UK LTD,ARBOR RESEARCH & TRADING UK LTD
ARCEM CAPITAL LLC GOF,ARCEM CAPITAL LLC GOF
ASHENDEN FINBRO FINANCE SA,ASHENDEN FINBRO FINANCE SA
ASIAN DEVELOPMENT BANK,ASIAN DEVELOPMENT BANK
ATALANTA SOSNOFF CAPITAL LLC,ATALANTA SOSNOFF CAPITAL LLC
AVIVA INVESTORS GLOBAL SERVICES LTD,AVIVA INVESTORS GLOBAL SERVICES LTD
AXA INVESTMENT MANAGERS UK LTD,AXA INVESTMENT MANAGERS UK LTD
BAE SYSTEMS PENSION FD INV MGMT LTD,BAE SYSTEMS PENSION FD INV MGMT LTD
BAILLIE GIFFORD & CO LTD GOF,BAILLIE GIFFORD & CO LTD GOF
BANCA AKROS SPA,BANCA AKROS SPA
"BANCA ALBERTINI SYZ C SGR SPA,ITALY","BANCA ALBERTINI SYZ C SGR SPA,ITALY"
BANCA IFIGEST - S.P.A.,BANCA IFIGEST - S.P.A.
BANCA MONTE DEI PASCHI SPA-MILAN,BANCA MONTE DEI PASCHI SPA-MILAN
BANCA POPOLARE DI SONDRIO (SUISSE),BANCA POPOLARE DI SONDRIO (SUISSE)
BANCO DE ESPANA,BANCO DE ESPANA
"BANGO, LLC","BANGO, LLC"
BANK HAPOALIM B.M-LONDON,BANK HAPOALIM B.M-LONDON
BANK J SAFRA SARASIN-GENEVA,BANK J SAFRA SARASIN-GENEVA
BANK JULIUS BAER AND CO LTD-ZURICH,BANK JULIUS BAER AND CO LTD-ZURICH
BANK JULIUS BAER AND CO. LTD.,BANK JULIUS BAER AND CO. LTD.
BANK LEUMI LE-ISRAEL B.M.,BANK LEUMI LE-ISRAEL B.M.
BANK OF COMMUNICATIONS CO-HONG KONG,BANK OF COMMUNICATIONS CO-HONG KONG
BANK OF ESTONIA,BANK OF ESTONIA
BANK OF THE PHILIPPINE ISLANDS,BANK OF THE PHILIPPINE ISLANDS
BANK VONTOBEL AG-ZUR,BANK VONTOBEL AG-ZUR
"BANKHAUS LAMPE KG, MUNICH","BANKHAUS LAMPE KG, MUNICH"
BANKINTER SA,BANKINTER SA
BANQUE CANTONALE VAUDOISE,BANQUE CANTONALE VAUDOISE
BANQUE DEGROOF LUXEMBOURG SA,BANQUE DEGROOF LUXEMBOURG SA
BANQUE INTL A LUX-LUX,BANQUE INTL A LUX-LUX
BANQUE PICTET & CIE SA,BANQUE PICTET & CIE SA
BANQUE SYZ SA,BANQUE SYZ SA
BARCLAYS BANK SUISSE SA,BARCLAYS BANK SUISSE SA
BARCLAYS BK PLC-SINGAPORE,BARCLAYS BK PLC-SINGAPORE
BARCLAYS CAPITAL INC,BARCLAYS CAPITAL INC
BARCLAYS STOCKBROKERS LIMITED,BARCLAYS STOCKBROKERS LIMITED
BARING ASSET MGMT LIMITED-LONDON,BARING ASSET MGMT LIMITED-LONDON
"BAYERNINVEST KAPITALAN, MUNICH","BAYERNINVEST KAPITALAN, MUNICH"
"Bayview Fund Management, LLC","Bayview Fund Management, LLC"
BB&T SCOTT & STRINGFELLOW-RICHMOND,BB&T SCOTT & STRINGFELLOW-RICHMOND
BBVA AM SA SGIIC SA,BBVA AM SA SGIIC SA
BBVA SUIZA SA,BBVA SUIZA SA
BCA  ZARATTINI & CO SA,BCA  ZARATTINI & CO SA
BCA NAZIONALE DEL LAVORO SPA,BCA NAZIONALE DEL LAVORO SPA
BCA PROFIL-BAPR,BCA PROFIL-BAPR
BCA ZAR-MAIN,BCA ZAR-MAIN
BCO CENT DE CHILE,BCO CENT DE CHILE
BCO DE PORTUGAL-LISBON,BCO DE PORTUGAL-LISBON
BELMONT GLOBAL ADVISORS INC,BELMONT GLOBAL ADVISORS INC
"BETA CAPITAL MANAGEMENT, NEW YORK","BETA CAPITAL MANAGEMENT, NEW YORK"
BEUTEL GOODMAN AND CO LTD,BEUTEL GOODMAN AND CO LTD
BINCKBANK NV-NETHERLANDS,BINCKBANK NV-NETHERLANDS
BISCAYNEAMERICAS ADVISERS LLC,BISCAYNEAMERICAS ADVISERS LLC
"BISHOP ST CAP MGMT, HONOLULU","BISHOP ST CAP MGMT, HONOLULU"
BK VONTOBEL-VONT,BK VONTOBEL-VONT
BLACKROCK ADVISORS (UK) LIMITED,BLACKROCK ADVISORS (UK) LIMITED
BLACKROCK FINANCIAL MGMT INC GOF,BLACKROCK FINANCIAL MGMT INC GOF
BLACKROCK FINANCIAL MGMT-WILMINGTON,BLACKROCK FINANCIAL MGMT-WILMINGTON
BLACKROCK INC,BLACKROCK INC
BLACKROCK INVESTMENT MGMT UK LTD,BLACKROCK INVESTMENT MGMT UK LTD
BLUECREST CAPITAL MANAGEMENT UK LLP,BLUECREST CAPITAL MANAGEMENT UK LLP
BlueCrest New York,BlueCrest New York
"BLUEFIN TRADING LLC, NYC","BLUEFIN TRADING LLC, NYC"
BMO ASSET MANAGEMENT CORP,BMO ASSET MANAGEMENT CORP
BMO ASSET MANAGEMENT INC,BMO ASSET MANAGEMENT INC
BNP PARIBAS ASSET MANAGEMENT INC,BNP PARIBAS ASSET MANAGEMENT INC
BNP PARIBAS DEALING SERVICES SA,BNP PARIBAS DEALING SERVICES SA
BNPDEALLON-BLOCK,BNPDEALLON-BLOCK
BofA Corporate Investment,BofA Corporate Investment
"BOKF, NATIONAL ASSOCIATION","BOKF, NATIONAL ASSOCIATION"
BONDPARTNERS SA,BONDPARTNERS SA
BRANCH BANKING AND TRUST CO,BRANCH BANKING AND TRUST CO
BRANDYWINE OPERATING PARTNERSHIP LP,BRANDYWINE OPERATING PARTNERSHIP LP
"BREAN MURRAY, CARRET & CO, NY","BREAN MURRAY, CARRET & CO, NY"
BRIDGEWATER ASSOCIATES LP GOF,BRIDGEWATER ASSOCIATES LP GOF
BROOKS MACDONALD AM INTNL LTD,BROOKS MACDONALD AM INTNL LTD
BROWN BROS HARRIMAN & CO,BROWN BROS HARRIMAN & CO
BSI SA,BSI SA
BTGUS-BTGPACTWM,BTGUS-BTGPACTWM
BURGUNDY ASSET MANAGEMENT LIMITED,BURGUNDY ASSET MANAGEMENT LIMITED
CAISSE CENTRALE DESJARDINS DU QUE,CAISSE CENTRALE DESJARDINS DU QUE
CAISSE DE DEPOT ET PLACEMENT DU QUE,CAISSE DE DEPOT ET PLACEMENT DU QUE
"CALIBER HOME LOANS, INC.","CALIBER HOME LOANS, INC."
CALIFORNIA PUBLIC EMPLOYEES' RETIRE,CALIFORNIA PUBLIC EMPLOYEES' RETIRE
CANACCORD GENUITY WLTH INT LTD-JER,CANACCORD GENUITY WLTH INT LTD-JER
CANADA LIFE LTD,CANADA LIFE LTD
CANADA MORTGAGE AND HOUSING CORP,CANADA MORTGAGE AND HOUSING CORP
CANADA POST CORP-OTTAWA,CANADA POST CORP-OTTAWA
CANDRIAM BELGIUM SA/NV,CANDRIAM BELGIUM SA/NV
CANHAB INCORPORATED,CANHAB INCORPORATED
CAPITAL RESEARCH AND MGMT CO,CAPITAL RESEARCH AND MGMT CO
CAPSTONE ASSET MANAGEMENT COMPANY,CAPSTONE ASSET MANAGEMENT COMPANY
CASSA DI RISPARMIO PARMA E PIACENZA,CASSA DI RISPARMIO PARMA E PIACENZA
CATHAY UNITED BANK HK,CATHAY UNITED BANK HK
CCDQ-CCDQTSY,CCDQ-CCDQTSY
CENTRAL 1 MAIN,CENTRAL 1 MAIN
CENTRAL BANK OF CHINA TAIWAN,CENTRAL BANK OF CHINA TAIWAN
CHANDLER ASSET MANAGEMENT INC,CHANDLER ASSET MANAGEMENT INC
CHARLES SCHWAB INVESTMENT MAN INC,CHARLES SCHWAB INVESTMENT MAN INC
CHASE MANHATTAN MORTGAGE CORP-EDISO,CHASE MANHATTAN MORTGAGE CORP-EDISO
CI INVESTMENTS INC.,CI INVESTMENTS INC.
CIBC ASSET MANAGEMENT INC,CIBC ASSET MANAGEMENT INC
CIBC WOOD GUNDY SECURITIES INC.-TO,CIBC WOOD GUNDY SECURITIES INC.-TO
CITADEL ADVISORS LLC,CITADEL ADVISORS LLC
Citadel Global Fixed Income,Citadel Global Fixed Income
CITADEL-CITDL GLBL FD INC MASTER FD,CITADEL-CITDL GLBL FD INC MASTER FD
CITIBANK CANADA,CITIBANK CANADA
CITIBANK NA-LONDON,CITIBANK NA-LONDON
"CLEARBRIDGE ADVISORS LLC, NY","CLEARBRIDGE ADVISORS LLC, NY"
"CLEARWATER ADVISORS LLC, BOISE","CLEARWATER ADVISORS LLC, BOISE"
"CM-CIC SECURITIES, PARIS","CM-CIC SECURITIES, PARIS"
COLCHESTER GLOBAL INVESTORS LTD GOF,COLCHESTER GLOBAL INVESTORS LTD GOF
COLONIAL FIRST STATE INV LTD,COLONIAL FIRST STATE INV LTD
COLUMBIA MANAGEMENT INVS GOF-MINNEA,COLUMBIA MANAGEMENT INVS GOF-MINNEA
COLUMBIA MGMT ADV INC-BOSTON,COLUMBIA MGMT ADV INC-BOSTON
COLUMBIA MGMT INV ADVISERS LLC,COLUMBIA MGMT INV ADVISERS LLC
COMMERZBANK AG,COMMERZBANK AG
COMPAGNIE MONEGASQUE-MONTE CARLO,COMPAGNIE MONEGASQUE-MONTE CARLO
CONNING & COMPANY,CONNING & COMPANY
CONNOR CLARK & LUNN INVEST MGMT LTD,CONNOR CLARK & LUNN INVEST MGMT LTD
CPBCH-BLOCK CTM,CPBCH-BLOCK CTM
CREDIT AGRICOLE (SUISSE) SA,CREDIT AGRICOLE (SUISSE) SA
CREDIT AGRICOLE CORP AND INV-MIAMI,CREDIT AGRICOLE CORP AND INV-MIAMI
CREDIT SUISSE (SINGAPORE) LIMITED,CREDIT SUISSE (SINGAPORE) LIMITED
CREDIT SUISSE AG.,CREDIT SUISSE AG.
CREDIT SUISSE ASSET MGMT LLC,CREDIT SUISSE ASSET MGMT LLC
CREDIT SUISSE DEUTSCHLAND AG,CREDIT SUISSE DEUTSCHLAND AG
CREDIT SUISSE HOLDINGS USA INC,CREDIT SUISSE HOLDINGS USA INC
CREDIT SUISSE ITALY SPA,CREDIT SUISSE ITALY SPA
CREDIT UNION CENTRAL AB LTD-CALG,CREDIT UNION CENTRAL AB LTD-CALG
CTI CAPITAL GROUP INC,CTI CAPITAL GROUP INC
CUTWATER ASSET MAN CORP-ARMONK,CUTWATER ASSET MAN CORP-ARMONK
DANSKE BANK A/S,DANSKE BANK A/S
DANSKE CAPITAL MANAGEMENT,DANSKE CAPITAL MANAGEMENT
DEAM INT GMBH GOF,DEAM INT GMBH GOF
DEKA INVESTMENT GMBH GOF,DEKA INVESTMENT GMBH GOF
DELAWARE INVESTMENTS INC,DELAWARE INVESTMENTS INC
DESJARDINS GLOBAL ASSET MNGMT INC,DESJARDINS GLOBAL ASSET MNGMT INC
DESJARDINS TRUST INC,DESJARDINS TRUST INC
DEUTSCHE ASSET MANAGEMENT-BOSTON,DEUTSCHE ASSET MANAGEMENT-BOSTON
DEUTSCHE ASSET MGMT SCHWEIZ AG,DEUTSCHE ASSET MGMT SCHWEIZ AG
DEUTSCHE ASSET MGMT UK LTD,DEUTSCHE ASSET MGMT UK LTD
DEUTSCHE AST & WLTH MGMT INVST GMBH,DEUTSCHE AST & WLTH MGMT INVST GMBH
DEUTSCHE BANK AG,DEUTSCHE BANK AG
DEUTSCHE BANK AG-ZURICH,DEUTSCHE BANK AG-ZURICH
DEUTSCHE BUNDESBANK,DEUTSCHE BUNDESBANK
DEUTSCHE INV MGMT AMERICAS INC,DEUTSCHE INV MGMT AMERICAS INC
DIAM CO LTD,DIAM CO LTD
DIMENSIONAL FUND ADV LP,DIMENSIONAL FUND ADV LP
"DONNER AND REUSCHEL AG, MUNICH","DONNER AND REUSCHEL AG, MUNICH"
DREYFUS SOHNE & CIE AG BANQUIERS,DREYFUS SOHNE & CIE AG BANQUIERS
"DRW HOLDINGS, LLC.","DRW HOLDINGS, LLC."
DRW INVESTMENTS LLC,DRW INVESTMENTS LLC
E D & F MAN CAPITAL MARKETS INC,E D & F MAN CAPITAL MARKETS INC
E D & F MAN PROFESSIONAL TRADING IN,E D & F MAN PROFESSIONAL TRADING IN
EATON VANCE MANAGEMENT,EATON VANCE MANAGEMENT
ECOFI INVESTISSEMENTS-PARIS,ECOFI INVESTISSEMENTS-PARIS
ECONOMICAL MUTUAL INS CO-WATERLOO,ECONOMICAL MUTUAL INS CO-WATERLOO
EDMOND DE ROTHSCHILD (SUISSE) SA,EDMOND DE ROTHSCHILD (SUISSE) SA
"EFG CAPITAL INT CORP, MIAMI","EFG CAPITAL INT CORP, MIAMI"
ELEMENT CAPITAL MANAGEMENT LLC,ELEMENT CAPITAL MANAGEMENT LLC
ENI SPA-SAN DONATO,ENI SPA-SAN DONATO
ERSTE GROUP BANK AG-VIENNA,ERSTE GROUP BANK AG-VIENNA
ETHENEA INDEPENDENT INVESTORS SA,ETHENEA INDEPENDENT INVESTORS SA
EUROPEAN CENTRAL BANK,EUROPEAN CENTRAL BANK
F&C ASSET MANAGEMENT PLC,F&C ASSET MANAGEMENT PLC
F&C MANAGEMENT LIMITED,F&C MANAGEMENT LIMITED
FEDERAL HOME LOAN MORTGAGE CORP,FEDERAL HOME LOAN MORTGAGE CORP
FEDERAL NATIONAL MORTGAGE ASSO,FEDERAL NATIONAL MORTGAGE ASSO
FEDERAL RESERVE BK- NEW YORK,FEDERAL RESERVE BK- NEW YORK
FEDERATED INVESTORS (UK) LLP,FEDERATED INVESTORS (UK) LLP
FEDERATED INVESTORS INC GOF,FEDERATED INVESTORS INC GOF
FIBK ISRAEL-TREASURY DESK,FIBK ISRAEL-TREASURY DESK
FIDELITY MGMT & RES CO,FIDELITY MGMT & RES CO
FIERA CAPITAL CORPORATION,FIERA CAPITAL CORPORATION
FIERA CAPITAL CORPORATION GOF,FIERA CAPITAL CORPORATION GOF
FIIG,FIIG
FIRST COMMERCIAL BANK CO LTD,FIRST COMMERCIAL BANK CO LTD
FIRST TENNESSE-NEW YORK,FIRST TENNESSE-NEW YORK
FLORIDA STATE BOARD OF ADMIN GOF,FLORIDA STATE BOARD OF ADMIN GOF
FLOSSBACH VON STORCH AG,FLOSSBACH VON STORCH AG
FMR LLC,FMR LLC
FRANK RUSSELL COMPANY,FRANK RUSSELL COMPANY
FRANKFURTER BANK (DEUTSCHLAND) AG,FRANKFURTER BANK (DEUTSCHLAND) AG
"FRANKLIN ADVISERS, INC.","FRANKLIN ADVISERS, INC."
FRANKLIN TEMPLETON INV MGMT LTD,FRANKLIN TEMPLETON INV MGMT LTD
Freddie Mac (Port.),Freddie Mac (Port.)
FREEDOMMORTCORP,FREEDOMMORTCORP
FRIENDS LIFE INVESTMENTS LIMITED,FRIENDS LIFE INVESTMENTS LIMITED
FST INTL BK OF ISRAEL LTD-TEL-AVIV,FST INTL BK OF ISRAEL LTD-TEL-AVIV
GALLIARD CAPITAL MANAGEMENT INC,GALLIARD CAPITAL MANAGEMENT INC
GAM INV MNGT SWITZ LTD,GAM INV MNGT SWITZ LTD
GE ASSET MANAGEMENT INCORPORATED,GE ASSET MANAGEMENT INCORPORATED
GEN RE CORP-FARMINGTON,GEN RE CORP-FARMINGTON
GENERAL REINSURANCE CORP,GENERAL REINSURANCE CORP
GENERALI INVESTMENTS EUROPE SPA SGR,GENERALI INVESTMENTS EUROPE SPA SGR
GLAZER CAPITAL LLC GOF,GLAZER CAPITAL LLC GOF
"GLOBAL FINANCIAL SERVICES LLC, HOU","GLOBAL FINANCIAL SERVICES LLC, HOU"
Gluskin Sheff & Associates Inc.,Gluskin Sheff & Associates Inc.
GMP SECURITIES LP-TORONTO,GMP SECURITIES LP-TORONTO
GOLDMAN SACHS & CO,GOLDMAN SACHS & CO
GOLDMAN SACHS & CO - NY,GOLDMAN SACHS & CO - NY
GOLDMAN SACHS ASIA LLC,GOLDMAN SACHS ASIA LLC
GOLDMAN SACHS ASSET MGMT INTL-LDN,GOLDMAN SACHS ASSET MGMT INTL-LDN
GOLDMAN SACHS ASSET MGMT LP,GOLDMAN SACHS ASSET MGMT LP
GOLDMAN SACHS INTL-LONDON,GOLDMAN SACHS INTL-LONDON
"GRAMERCY FINANCIAL SERV, GREENWICH","GRAMERCY FINANCIAL SERV, GREENWICH"
GREYSTONE CAPITAL MGMT INC-REGINA,GREYSTONE CAPITAL MGMT INC-REGINA
GROUPAMA BANQUE-PARIS,GROUPAMA BANQUE-PARIS
GUARDIAN CAPITAL LP,GUARDIAN CAPITAL LP
GUARDIAN LIFE INS CO OF AMER-NY,GUARDIAN LIFE INS CO OF AMER-NY
GUGGENHEIM GROUP LLC,GUGGENHEIM GROUP LLC
"GUY BUTLER LIMITED, LONDON","GUY BUTLER LIMITED, LONDON"
GWL INVESTMENT MANAGEMENT LTD,GWL INVESTMENT MANAGEMENT LTD
HAREL PIA MUTUAL FUNDS LTD,HAREL PIA MUTUAL FUNDS LTD
HARTFORD INVESTMENT MANAGEMENT GOF,HARTFORD INVESTMENT MANAGEMENT GOF
HAUCK & AUFHAUSER PRIVATBANKIERS,HAUCK & AUFHAUSER PRIVATBANKIERS
HAYWOOD SECURITIES INC-VANCOUVER,HAYWOOD SECURITIES INC-VANCOUVER
HBK INVESTMENT LP GOF,HBK INVESTMENT LP GOF
"HELSANA VERSICHERUNGEN, ZURICH","HELSANA VERSICHERUNGEN, ZURICH"
HOOPP-VN2Z,HOOPP-VN2Z
HSBC FRANCE SA,HSBC FRANCE SA
HSBC GAM FRANCE SA,HSBC GAM FRANCE SA
HSBC GLOBAL ASSET MGMT (HK) LIMITED,HSBC GLOBAL ASSET MGMT (HK) LIMITED
HSBC GLOBAL ASSET MGMT (USA) INC.,HSBC GLOBAL ASSET MGMT (USA) INC.
HSBC GLOBAL ASSET MGMT DEUTSCHLAND,HSBC GLOBAL ASSET MGMT DEUTSCHLAND
HSBC GLOBAL ASSET MGT (CDA) LTD GOF,HSBC GLOBAL ASSET MGT (CDA) LTD GOF
HSBC PRIVATE BANK (MONACO) SA,HSBC PRIVATE BANK (MONACO) SA
HSBC TRINKAUS & BURKHARDT AG,HSBC TRINKAUS & BURKHARDT AG
IACINTERACTIVECORP,IACINTERACTIVECORP
IGM FINANCIAL INC.,IGM FINANCIAL INC.
IGNIS INV SERVICES LTD-GLAS,IGNIS INV SERVICES LTD-GLAS
"INCOME RESEARCH & MNGT INC, BOSTON","INCOME RESEARCH & MNGT INC, BOSTON"
ING CANADA INC-ST HYACINTHE,ING CANADA INC-ST HYACINTHE
INSIGHT INVEST MGT GLOBAL LTD GOF,INSIGHT INVEST MGT GLOBAL LTD GOF
INVESCO ADVISERS INC-HOUSTON,INVESCO ADVISERS INC-HOUSTON
INVESCO ASSET MGMT LTD GOF,INVESCO ASSET MGMT LTD GOF
INVESCO1-CDN BOND,INVESCO1-CDN BOND
(blank),(blank)
INVESTISSEMENT QUEBEC,INVESTISSEMENT QUEBEC
INVESTORS GROUP INC GOF,INVESTORS GROUP INC GOF
ISP SECURITIES AG,ISP SECURITIES AG
ISTITUTO CENTRALE DEL BANC POP-MIL,ISTITUTO CENTRALE DEL BANC POP-MIL
"J & E DAVY, DUBLIN","J & E DAVY, DUBLIN"
J ZECHNER ASSOCIATES,J ZECHNER ASSOCIATES
J.P. MORGAN INVESTMENT MGMT INC.,J.P. MORGAN INVESTMENT MGMT INC.
JANE STREET CAPITAL LLC,JANE STREET CAPITAL LLC
JANE STREET FINANCIAL LIMITED,JANE STREET FINANCIAL LIMITED
JANUS CAPITAL MGMT LLC GOF,JANUS CAPITAL MGMT LLC GOF
JEFFERIES DERIVATIVE PRODUCTS LLC,JEFFERIES DERIVATIVE PRODUCTS LLC
JEFFERIES LLC,JEFFERIES LLC
JENNISON-BLOCK,JENNISON-BLOCK
JOH BERENBERG GOSSLER & CO KG,JOH BERENBERG GOSSLER & CO KG
"JOHN HANCOCK FINANCIAL SERVICES, INC","JOHN HANCOCK FINANCIAL SERVICES, INC"
JOHN HANCOCK LIFE INSURANCE COMPANY,JOHN HANCOCK LIFE INSURANCE COMPANY
JP MORGAN ASSET MGMT,JP MORGAN ASSET MGMT
JP MORGAN CHASE BANK NA-NEW YORK,JP MORGAN CHASE BANK NA-NEW YORK
JPMORGAN CHASE BANK NA-HONG KONG,JPMORGAN CHASE BANK NA-HONG KONG
KAMES CAPITAL PLC,KAMES CAPITAL PLC
KARYA CAPITAL MANAGEMENT LP,KARYA CAPITAL MANAGEMENT LP
KBC ASSET MANAGEMENT NV,KBC ASSET MANAGEMENT NV
KEYBANC CAPITAL MARKETS-CLEVELAND,KEYBANC CAPITAL MARKETS-CLEVELAND
KGI WEALTH MANAGEMENT LIMITED,KGI WEALTH MANAGEMENT LIMITED
KGS-ALPHA CAPITAL MARKETS LP-NY,KGS-ALPHA CAPITAL MARKETS LP-NY
KLEINWORT BENSON BANK LIMITED,KLEINWORT BENSON BANK LIMITED
KOKUSAI ASSET MANAGEMENT CO.,KOKUSAI ASSET MANAGEMENT CO.
KOREA INVESTMENT CORPORATION-SEOUL,KOREA INVESTMENT CORPORATION-SEOUL
KUTXABANK GESTION SGIIC SA,KUTXABANK GESTION SGIIC SA
LANDESBANK BADEN WURTTEMBERG,LANDESBANK BADEN WURTTEMBERG
LAURENTIAN BANK OF CANADA-MONTREAL,LAURENTIAN BANK OF CANADA-MONTREAL
LAWRENCE PARK CAPITAL PARTNERS LTD,LAWRENCE PARK CAPITAL PARTNERS LTD
LAZARD ASSET MANAGEMENT LLC,LAZARD ASSET MANAGEMENT LLC
LBBW ASSET MANAGEMENT INV GMBH,LBBW ASSET MANAGEMENT INV GMBH
LEGAL & GENERAL INV MGMT AMERICA,LEGAL & GENERAL INV MGMT AMERICA
LEGAL & GENERAL INVESTMENT MGMT LTD,LEGAL & GENERAL INVESTMENT MGMT LTD
LEITH WH INVT COUNSEL LTD GOF,LEITH WH INVT COUNSEL LTD GOF
LGT BANK AG,LGT BANK AG
LIBERTY MUTAL GRP ASSET MGM INC.,LIBERTY MUTAL GRP ASSET MGM INC.
LIECHTENSTEIN LANDESBK AG,LIECHTENSTEIN LANDESBK AG
LLOYDS OF LONDON LIMITED,LLOYDS OF LONDON LIMITED
"LM CAPITAL GROUP LLC, SAN DIEGO","LM CAPITAL GROUP LLC, SAN DIEGO"
LOANDEPOTCOM LLC,LOANDEPOTCOM LLC
LOCKHEED MARTIN INVESTMENT MGMT,LOCKHEED MARTIN INVESTMENT MGMT
LOEWS CORPORATION,LOEWS CORPORATION
"LOGAN CIRCLE PARTNERS LP, PHI","LOGAN CIRCLE PARTNERS LP, PHI"
LOMBARD O&C-GENEVA,LOMBARD O&C-GENEVA
"LOOMIS, SAYLES & COMPANY LP","LOOMIS, SAYLES & COMPANY LP"
"LOOMIS, SAYLES & COMPANY LP GOF","LOOMIS, SAYLES & COMPANY LP GOF"
LOOP CAPITAL MARKETS LLC,LOOP CAPITAL MARKETS LLC
LOS ANGELES CTY MET TRANS-LA,LOS ANGELES CTY MET TRANS-LA
M&G INVESTMENT MANAGEMENT LTD,M&G INVESTMENT MANAGEMENT LTD
MACKAY SHIELDS LLC,MACKAY SHIELDS LLC
MACQUARIE INV MGMT CO AUST KAG,MACQUARIE INV MGMT CO AUST KAG
MANITOBA CIVIL SERVICE-WINNIPEG,MANITOBA CIVIL SERVICE-WINNIPEG
MANULIFE FINANCIAL CORP,MANULIFE FINANCIAL CORP
MAPLE SECURITIES CANADA LTD-TORONTO,MAPLE SECURITIES CANADA LTD-TORONTO
Mariner LDC,Mariner LDC
"MARKETAXESS HOLDINGS INC, NEW YORK","MARKETAXESS HOLDINGS INC, NEW YORK"
MARZOTTO SIM SPA,MARZOTTO SIM SPA
MASSACHUSETTS FINANCIAL SERVICES CO,MASSACHUSETTS FINANCIAL SERVICES CO
MASSACHUSETTS MUTUAL LIFE INS COM,MASSACHUSETTS MUTUAL LIFE INS COM
MAWER INVESTMENT MANAGEMENT LTD,MAWER INVESTMENT MANAGEMENT LTD
MC CAPITAL LTD,MC CAPITAL LTD
MCAP COMMERCIAL LP-TOR,MCAP COMMERCIAL LP-TOR
MCCAPITAL-MAIN,MCCAPITAL-MAIN
MEAG MUNICH ERGO ASSET MGMT GMBH,MEAG MUNICH ERGO ASSET MGMT GMBH
MEAG NEW YORK CORPORATION,MEAG NEW YORK CORPORATION
MEDALLION TRADING-E SETAUKET,MEDALLION TRADING-E SETAUKET
MELLON CAPITAL MANAGEMENT CORP,MELLON CAPITAL MANAGEMENT CORP
MERITEN INVESTMENT MANAGEMENT GMBH,MERITEN INVESTMENT MANAGEMENT GMBH
"MERRILL LYN PIERCE, FENNER, SMITH","MERRILL LYN PIERCE, FENNER, SMITH"
MESIROW FIN INC-CHICAGO,MESIROW FIN INC-CHICAGO
MET ZURICH LLP,MET ZURICH LLP
METHODOLOGY ASSET MGMT (UK) LLP,METHODOLOGY ASSET MGMT (UK) LLP
METROPOLITAN LIFE INS CONY-FLORIDA,METROPOLITAN LIFE INS CONY-FLORIDA
MILLENNIUM CAPITAL MANAGEMENT LTD,MILLENNIUM CAPITAL MANAGEMENT LTD
MILLENNIUM PARTNERS LP,MILLENNIUM PARTNERS LP
"MISCHLER FINANCIAL GROUP INC, COR","MISCHLER FINANCIAL GROUP INC, COR"
MITSUBISHI UFJ KOKUSAI ASST MGMT CO,MITSUBISHI UFJ KOKUSAI ASST MGMT CO
MITSUBISHI UFJ TRUST INTERNATIONAL,MITSUBISHI UFJ TRUST INTERNATIONAL
MKP CAPITAL MANAGEMENT LLC,MKP CAPITAL MANAGEMENT LLC
"MNA ADVISORS, INC.","MNA ADVISORS, INC."
MOORE EUROPE CAP MGMT LLP-LONDON,MOORE EUROPE CAP MGMT LLP-LONDON
MORGAN CAPITAL ADVISORS LLP,MORGAN CAPITAL ADVISORS LLP
MORGAN STANLEY IBF-NY,MORGAN STANLEY IBF-NY
MORGAN STANLEY IM-W CONSHOHOCKEN,MORGAN STANLEY IM-W CONSHOHOCKEN
MORGAN STANLEY INV MGMT INC,MORGAN STANLEY INV MGMT INC
"MULTI-BANK SEC, PLEASANT RIDGE","MULTI-BANK SEC, PLEASANT RIDGE"
NATIONAL BANK OF CANADA,NATIONAL BANK OF CANADA
NATIONWIDE INSURANCE CO OF FLORIDA,NATIONWIDE INSURANCE CO OF FLORIDA
NATIXIS ASSET MANAGEMENT FINANCE SA,NATIXIS ASSET MANAGEMENT FINANCE SA
NATIXIS-NY,NATIXIS-NY
NAVY FEDERAL CREDIT UNION -VIRGINIA,NAVY FEDERAL CREDIT UNION -VIRGINIA
NEUBERGER BERMAN LLC,NEUBERGER BERMAN LLC
NEW MEXICO FINANCE AUTHORITY,NEW MEXICO FINANCE AUTHORITY
"NEW PENN FINANCIAL, LLC","NEW PENN FINANCIAL, LLC"
"NEW YORK LIFE INV MGMT LLC, NY","NEW YORK LIFE INV MGMT LLC, NY"
NEWTON INVESTMENT MGMT LTD,NEWTON INVESTMENT MGMT LTD
NIKKO,NIKKO
NISA INV ADVISORS LLC-ST LOUIS,NISA INV ADVISORS LLC-ST LOUIS
"NISSAY ASSET MGMT CORP, TOKYO","NISSAY ASSET MGMT CORP, TOKYO"
NNIP ADVISORS BV,NNIP ADVISORS BV
"NOMURA ASSET MGMT, TOKYO","NOMURA ASSET MGMT, TOKYO"
NOMURA SINGAPORE LTD-SINGAPORE,NOMURA SINGAPORE LTD-SINGAPORE
NORGES BANK,NORGES BANK
NORTHERN TRUST COMPANY,NORTHERN TRUST COMPANY
NORTHERN TRUST GLOBAL INV-CHICAGO,NORTHERN TRUST GLOBAL INV-CHICAGO
NUOVI INVESTIMENTI-SANDIGLIANO,NUOVI INVESTIMENTI-SANDIGLIANO
ODDO SEYDLER BANK AG,ODDO SEYDLER BANK AG
OECHSLE INTER ADVISORS LLC-FFT,OECHSLE INTER ADVISORS LLC-FFT
OFI ASSET MANAGEMENT SA,OFI ASSET MANAGEMENT SA
ONTARIO TEACHERS PENSION PLAN BRD,ONTARIO TEACHERS PENSION PLAN BRD
OPPENHEIMER FUNDS INC-BOSTON,OPPENHEIMER FUNDS INC-BOSTON
OPTIMUM GESTION DE PLACEMENTS-MTL,OPTIMUM GESTION DE PLACEMENTS-MTL
ORANGE COUNTY BOARD OF COUNTY C...,ORANGE COUNTY BOARD OF COUNTY C...
OSTERREICHISCHE VOLKSBANKEN AG,OSTERREICHISCHE VOLKSBANKEN AG
PACIFIC INVESTMENT MANAGEMENT CO,PACIFIC INVESTMENT MANAGEMENT CO
PACIFIC INVESTMENT MANAGEMENT CO LLC,PACIFIC INVESTMENT MANAGEMENT CO LLC
PARTNERRE PRINCIPAL FINANCE INC.,PARTNERRE PRINCIPAL FINANCE INC.
PATTERSON CAPITAL CORP.,PATTERSON CAPITAL CORP.
PAYDEN & RYGEL GLOBAL LTD,PAYDEN & RYGEL GLOBAL LTD
PAYDEN & RYGEL INV COUNSEL- LA,PAYDEN & RYGEL INV COUNSEL- LA
PENN CAPITAL MANAGEMENT COMPANY INC,PENN CAPITAL MANAGEMENT COMPANY INC
PENN PUBLIC SCHOOL EMP RET SYSTEM,PENN PUBLIC SCHOOL EMP RET SYSTEM
PENNCAP-DEAN015,PENNCAP-DEAN015
PENSION FUND ASSOCIATION,PENSION FUND ASSOCIATION
PERSHING LLC- NJ,PERSHING LLC- NJ
PETERCAM SA/NV,PETERCAM SA/NV
PFM ASSET MANAGEMENT LLC,PFM ASSET MANAGEMENT LLC
"PHILLIPS, HAGER & NORTH","PHILLIPS, HAGER & NORTH"
PICT CIE-PICS,PICT CIE-PICS
PICTET ASSET MANAGEMENT SA,PICTET ASSET MANAGEMENT SA
PIMCO EUROPE LTD,PIMCO EUROPE LTD
PINE RIVER CAPITAL MANAGEMENT LP,PINE RIVER CAPITAL MANAGEMENT LP
PINEBRIDGE INVESTMENTS LLC,PINEBRIDGE INVESTMENTS LLC
PIONEER INVESTMENT MGMT SGRPA,PIONEER INVESTMENT MGMT SGRPA
PIONEER INVESTMENT MGMT USA INC,PIONEER INVESTMENT MGMT USA INC
PIPER JAFFRAY AND CO-MINNEAPOLIS,PIPER JAFFRAY AND CO-MINNEAPOLIS
Plaza Home Mortgage Inc.,Plaza Home Mortgage Inc.
PNC BANK NA-PITTSBURGH,PNC BANK NA-PITTSBURGH
"PNMAC Capital Management, LLC","PNMAC Capital Management, LLC"
POHJOLA ASSET MANAGEMENT LIMITED,POHJOLA ASSET MANAGEMENT LIMITED
POLAR SECURITIES INC.,POLAR SECURITIES INC.
PPM AMERICA INCORPORATED,PPM AMERICA INCORPORATED
"PROLOGUE CAPITAL INC., LONDON","PROLOGUE CAPITAL INC., LONDON"
PROSHARE ADVISORS LLC,PROSHARE ADVISORS LLC
PROSPERITY HOME MORTGAGE LLC,PROSPERITY HOME MORTGAGE LLC
PROVINCE OF ALBERTA,PROVINCE OF ALBERTA
PROVINCE OF BRITISH COLUMBIA,PROVINCE OF BRITISH COLUMBIA
PRUDENTIAL FINANCIAL INC,PRUDENTIAL FINANCIAL INC
PRUDENTIAL INSURANCE CO OF AMERICA,PRUDENTIAL INSURANCE CO OF AMERICA
PRUDENTIAL INVESTMENT MGMT INC.,PRUDENTIAL INVESTMENT MGMT INC.
PUBLIC SECTOR PENSION INVESTMENT BD,PUBLIC SECTOR PENSION INVESTMENT BD
"PUBLIC TRUST ADVISORS, LLC","PUBLIC TRUST ADVISORS, LLC"
PUTNAM US HOLDINGS I LLC,PUTNAM US HOLDINGS I LLC
QUICKEN LOANS INC- LIVONIA,QUICKEN LOANS INC- LIVONIA
QUONIAM ASSET MANAGEMENT GMBH,QUONIAM ASSET MANAGEMENT GMBH
"R SEELAUS & CO INC, SUMMIT","R SEELAUS & CO INC, SUMMIT"
RAIFFEISEN KAPITALANLAGE GMBH,RAIFFEISEN KAPITALANLAGE GMBH
"RAIFFEISENLANDESBK VORARLBERG,BREGE","RAIFFEISENLANDESBK VORARLBERG,BREGE"
RBC CAPITAL MARKETS LLC,RBC CAPITAL MARKETS LLC
RBC DS INC CD PROG TRAD TR 90071,RBC DS INC CD PROG TRAD TR 90071
RBC GLOBAL ASSET MANAGEMENT INC.,RBC GLOBAL ASSET MANAGEMENT INC.
RBC LONDON,RBC LONDON
REGIONS BK-BIRMINGHAM,REGIONS BK-BIRMINGHAM
RESERVE BANK OF INDIA-MUMBAI,RESERVE BANK OF INDIA-MUMBAI
"RIDGEWOOD CAP ASSET MGMT INC, TOR","RIDGEWOOD CAP ASSET MGMT INC, TOR"
RIVERFRONT INV GROUP LLC,RIVERFRONT INV GROUP LLC
RM CAPITAL MARKETS LIMITED,RM CAPITAL MARKETS LIMITED
ROYAL BANK OF SCOTLAND PLC-SINGAPR,ROYAL BANK OF SCOTLAND PLC-SINGAPR
ROYAL LONDON ASSET MANAGEMENT GOF,ROYAL LONDON ASSET MANAGEMENT GOF
RP INVESTMENT ADVISORS GOF,RP INVESTMENT ADVISORS GOF
RUSSELL INVESTMENTS LTD-LONDON,RUSSELL INVESTMENTS LTD-LONDON
"RYAN LABS, INC.","RYAN LABS, INC."
"SAGE ADVISORY SERVICES LTD CO, AUS","SAGE ADVISORY SERVICES LTD CO, AUS"
SCHRODER INVESTMENT MAN NA INC.-PHI,SCHRODER INVESTMENT MAN NA INC.-PHI
SCHRODER INVESTMENT MANAGEMENT LTD,SCHRODER INVESTMENT MANAGEMENT LTD
SCOR GLOBAL INVESTMENTS SE,SCOR GLOBAL INVESTMENTS SE
SCOTIA CAPITAL INC,SCOTIA CAPITAL INC
"SEB INVESTMENT MGMT AB, STOCKHOLM","SEB INVESTMENT MGMT AB, STOCKHOLM"
SEER-SEERJPM352,SEER-SEERJPM352
"SEGALL BRYANT & HAMILL, CHIC","SEGALL BRYANT & HAMILL, CHIC"
SEIX INVESTMENT ADVISORS LLC,SEIX INVESTMENT ADVISORS LLC
SGRF OMAN-HKNB,SGRF OMAN-HKNB
SHELL ASSET MGMT CO BV GOF,SHELL ASSET MGMT CO BV GOF
SHINKO ASSET MAN CO LTD,SHINKO ASSET MAN CO LTD
SMBC CAPITAL MARKETS-NEW YORK,SMBC CAPITAL MARKETS-NEW YORK
"SMITH AFFILIATED CAP CORP, NY","SMITH AFFILIATED CAP CORP, NY"
SNS SECURITIES NV,SNS SECURITIES NV
SOCIETE GENERALE CANADA,SOCIETE GENERALE CANADA
SOCIETE GENERALE EXPRESSBANK AD,SOCIETE GENERALE EXPRESSBANK AD
STANDARD CHARTERED BANK,STANDARD CHARTERED BANK
STANDARD LIFE INVESTMENTS LIMITED,STANDARD LIFE INVESTMENTS LIMITED
STANDISH MELLON ASS MGMT-PITTSBURGH,STANDISH MELLON ASS MGMT-PITTSBURGH
STANDISH MELLON ASSET MGMT LLC,STANDISH MELLON ASSET MGMT LLC
"STATE STREET GLOBAL ADVISORS, INC.","STATE STREET GLOBAL ADVISORS, INC."
STATE TEACHERS RETIRE SYST OF OHIO,STATE TEACHERS RETIRE SYST OF OHIO
"STATE TR CAP LLC, MIAMI","STATE TR CAP LLC, MIAMI"
STERLING CAP MGMT LLC,STERLING CAP MGMT LLC
STONE HARBOR INV PARTNERS LP-NY,STONE HARBOR INV PARTNERS LP-NY
Stonegate,Stonegate
SUMITOMO LIFE INSURANCE CO,SUMITOMO LIFE INSURANCE CO
SUMITOMO MITSUI TRUST BANK USA LTD,SUMITOMO MITSUI TRUST BANK USA LTD
SUN GLOBAL INVESTMENTS LTD,SUN GLOBAL INVESTMENTS LTD
SUN LIFE ASSURANCE COMP OF CANADA,SUN LIFE ASSURANCE COMP OF CANADA
SUSQUEHANNA INV GROUP-BALA CYNWYD,SUSQUEHANNA INV GROUP-BALA CYNWYD
"SWEDBANK ROBUR FONDER AB, STOCKHOLM","SWEDBANK ROBUR FONDER AB, STOCKHOLM"
T ROWE PRICE ASSOCIATES INC,T ROWE PRICE ASSOCIATES INC
T ROWE PRICE INTERNATIONAL LIMITED,T ROWE PRICE INTERNATIONAL LIMITED
TAIWAN COOPERATIVE BANK,TAIWAN COOPERATIVE BANK
TCW ASSET MANAGEMENT CO,TCW ASSET MANAGEMENT CO
TD ASSET MANAGEMENT INC.,TD ASSET MANAGEMENT INC.
TD ASSET MANAGEMENT USA FUNDS INC,TD ASSET MANAGEMENT USA FUNDS INC
TEACHERS INSURANCE ANNUITY ASSC AMR,TEACHERS INSURANCE ANNUITY ASSC AMR
TELUS COMMUNICATIONS INC,TELUS COMMUNICATIONS INC
"TEXAS PERM SCHOOL FUND, AUSTIN","TEXAS PERM SCHOOL FUND, AUSTIN"
"TGA FUNDS SICAV PLC, FLORIANA","TGA FUNDS SICAV PLC, FLORIANA"
"THE BOSTON COMPANY ASSET MGMT, BOST","THE BOSTON COMPANY ASSET MGMT, BOST"
THREADNEEDLE ASSET MGMT LIMITED,THREADNEEDLE ASSET MGMT LIMITED
THREADNEEDLE ASSET MGMT LTD GOF,THREADNEEDLE ASSET MGMT LTD GOF
TOMS CM CORP WASH ACCOUNT,TOMS CM CORP WASH ACCOUNT
UBI PRAMERICA SGR SPA,UBI PRAMERICA SGR SPA
UBS AG,UBS AG
UBS AG-NEW YORK,UBS AG-NEW YORK
UBS AG-SINGAPORE,UBS AG-SINGAPORE
UBS AG-TAIPEI,UBS AG-TAIPEI
UBS FINANCIAL SERVICES INCORPORATED,UBS FINANCIAL SERVICES INCORPORATED
UBS GLOBAL ASSET MGMT (US)-CHICAGO,UBS GLOBAL ASSET MGMT (US)-CHICAGO
UBS GLOBAL ASSET MGMT AMERICAS INC,UBS GLOBAL ASSET MGMT AMERICAS INC
UMPQUA BANK-TIGARD,UMPQUA BANK-TIGARD
UNICASIM SOCIETA DI INTERMEDIAZIONE,UNICASIM SOCIETA DI INTERMEDIAZIONE
UNICREDIT SPA,UNICREDIT SPA
UNION INVESTMENT PRIVATFONDS GMBH,UNION INVESTMENT PRIVATFONDS GMBH
UNITED OVERSEAS BANK LIMITED,UNITED OVERSEAS BANK LIMITED
US BANCORP ASSET MANAGEMENT INC,US BANCORP ASSET MANAGEMENT INC
USAA FEDERAL SAVINGS BANK,USAA FEDERAL SAVINGS BANK
VALCOURT SA,VALCOURT SA
VANGUARD GROUP INC,VANGUARD GROUP INC
VANGUARD GROUP INC-VALLEY FORGE,VANGUARD GROUP INC-VALLEY FORGE
VANGUARD INVESTMENTS AUSTRALIA LTD,VANGUARD INVESTMENTS AUSTRALIA LTD
"V-BANK AG, MUNICH","V-BANK AG, MUNICH"
VINING-SPARKS IBG LP,VINING-SPARKS IBG LP
VIRGINIA RETIREMENT SYSTEM,VIRGINIA RETIREMENT SYSTEM
VOYA INVESTMENT MANAGEMENT CO. LLC,VOYA INVESTMENT MANAGEMENT CO. LLC
VP BANK AG,VP BANK AG
VZBFI,VZBFI
"W.J. BRADLEY MORTGAGE CAPITAL, LLC","W.J. BRADLEY MORTGAGE CAPITAL, LLC"
WACHOVIA SECURITIES-CHARLOTTE,WACHOVIA SECURITIES-CHARLOTTE
WADDELL AND REED INV MGMT-SHAWNEE,WADDELL AND REED INV MGMT-SHAWNEE
WAMCO,WAMCO
WAVE MANAGEMENT AG,WAVE MANAGEMENT AG
WEDBUSH SECURITIES INC-CAL,WEDBUSH SECURITIES INC-CAL
"WELLINGTON MANAGEMENT GROUP, LLP","WELLINGTON MANAGEMENT GROUP, LLP"
WELLINGTON MANAGEMENT INTL LTD,WELLINGTON MANAGEMENT INTL LTD
WELLS CAPITAL MGMT INC,WELLS CAPITAL MGMT INC
WELLS CAPITAL MGMT INC GOF,WELLS CAPITAL MGMT INC GOF
Wells Fargo Bank NA- Fin. Prod.,Wells Fargo Bank NA- Fin. Prod.
WELLS FARGO BANK NA-SAN FRANCISCO,WELLS FARGO BANK NA-SAN FRANCISCO
WELLS FARGO PCS-MINNEAPOLIS,WELLS FARGO PCS-MINNEAPOLIS
WESTERN ASSET MANAGEMENT CO,WESTERN ASSET MANAGEMENT CO
WESTERN ASSET MANAGEMENT CO LTD GOF,WESTERN ASSET MANAGEMENT CO LTD GOF
WESTERN ASSET MANAGEMENT COMPANY,WESTERN ASSET MANAGEMENT COMPANY
WGZ BNK AG WESTDEUTSCHE GENO-ZENTRA,WGZ BNK AG WESTDEUTSCHE GENO-ZENTRA
WHITE MOUNTAINS RE GRP LTD,WHITE MOUNTAINS RE GRP LTD
WILMINGTON TRUST COMPANY,WILMINGTON TRUST COMPANY
WORKERS COMP BOARD OF ALBERTA,WORKERS COMP BOARD OF ALBERTA
ZURCHER KANTONALBANK,ZURCHER KANTONALBANK
