RowId,Start Date,Start Time,RBC State,Channel Flag,Sales Book,RBC B/S,Currency,Sec Description,# in Comp,Amount,Display Price,Quote Yield,Quote Sp,Counterparty
1,3/18/2015,10:42:47 PM,Dealer Timeout,MAXL,N/A,Sell,EUR,ABA 6.000 MAR/19,18,8000000,0,0,0,
2,3/18/2015,10:40:23 PM,Dealer Timeout,MAXL,N/A,Buy,GBP,ABNANV 2 1/4 09/11/17,18,5000000,0,0,97,
3,3/18/2015,11:53:41 AM,Done,RBCL,JYC,Buy,CAD,CAN 1 05/01/15,1,1000000,100,0,0,BLOOMBERG TOMS - INTERNAL
4,3/18/2015,11:56:25 AM,Done,RBCL,JYC,Buy,CAD,CAN 11 1/4 06/01/15,1,1000000,103,0,0,BLOOMBERG TOMS - INTERNAL
5,3/18/2015,11:55:22 AM,Dealer Timeout,RBCL,JYC,Buy,EUR,AALLN 5 7/8 04/17/15,1,1000000,100,0,1,BLOOMBERG TOMS - INTERNAL
6,3/18/2015,1:34:55 PM,Done,RBCL,N/A,Sell,USD,PFE 4.65 03/01/18,1,1000000,106,0,0,
7,3/18/2015,11:58:05 AM,Done,RBCL,JYC,Buy,CAD,CAN 1 1/2 08/01/15,1,1000000,100,0,0,BLOOMBERG TOMS - INTERNAL
8,3/18/2015,10:50:58 AM,Dealer Timeout,RBCL,C1H,Buy,CAD,CTCACN 4.95 06/01/15,1,564000,-1,0.195,59,NATIONAL WESTMINSTER FINANCE BV
9,3/18/2015,10:46:59 AM,Done,RBCL,C1H,Buy,CAD,CTCACN 4.95 06/01/15,1,200000,101,0.195,59,NATIONAL WESTMINSTER FINANCE BV
10,3/18/2015,10:45:05 AM,Customer Reject,RBCL,C1H,Sell,CAD,CM 2.2 05/22/15,1,200000,100,0,0,NATIONAL WESTMINSTER FINANCE BV
11,3/18/2015,10:44:36 AM,Customer Reject,RBCL,C1H,Buy,EUR,GSK 3 7/8 07/06/15,1,100000,-1,0,200,NATIONAL WESTMINSTER FINANCE BV
12,3/18/2015,4:47:16 AM,Customer Timeout,SUPR,YIN,Sell,EUR,KFW 1 5/8 01/15/21,2,1000000,108,0.159,-19.5,AXA INVESTMENT MANAGERS PARIS SA
13,3/18/2015,4:57:36 AM,Customer Timeout,SUPR,YIN,Sell,EUR,KFW 1 5/8 01/15/21,2,1000000,108,0.159,-19.5,AXA INVESTMENT MANAGERS PARIS SA
14,3/18/2015,4:54:39 AM,Dealer Reject,SUPR,YIN,Sell,EUR,KFW 1 5/8 01/15/21,2,1000000,108,0.158,-19.5,AXA INVESTMENT MANAGERS PARIS SA
15,3/18/2015,5:11:01 AM,Dealer Timeout,SUPR,YIN,Buy,EUR,KFW 1 5/8 01/15/21,2,1000000,108,0.174,-16.5,AXA INVESTMENT MANAGERS PARIS SA
16,3/18/2015,5:06:16 AM,Customer Reject,SUPR,YIN,Buy,EUR,KFW 1 5/8 01/15/21,2,1000000,108,0.168,-16.5,AXA INVESTMENT MANAGERS PARIS SA
17,3/18/2015,5:03:40 AM,Customer Reject,SUPR,YIN,Sell,EUR,KFW 1 5/8 01/15/21,2,1000000,108,0.161,-19.5,AXA INVESTMENT MANAGERS PARIS SA
18,3/18/2015,5:15:56 AM,Dealer Timeout,MAXL,MXK,Buy,GBP,BGGRP 6 1/2 11/30/72,53,100000,0,0,0,BANQUE DE FRANCE
19,3/18/2015,5:22:51 AM,Dealer Reject,SUPR,YIN,Sell,EUR,LBANK 0 04/28/17,2,1000000,100,0,0,AXA INVESTMENT MANAGERS PARIS SA
20,3/17/2015,7:05:00 AM,Customer Timeout,MXUS,N/A,Sell,USD,GE 1.85 07/19/18,0,5528000,0,0,0,TEST ACCOUNT EDELIVERYTORONTO
21,3/17/2015,7:05:03 AM,Customer Timeout,MXUS,N/A,Sell,USD,PPL 4 3/4 07/15/43,0,5716000,0,0,0,TEST ACCOUNT EDELIVERYTORONTO
22,3/17/2015,7:05:07 AM,Customer Timeout,MXUS,N/A,Buy,USD,WFC 3 1/8 03/22/33,0,5815000,0,0,0,TEST ACCOUNT EDELIVERYTORONTO
23,3/17/2015,7:05:10 AM,Customer Timeout,MXUS,N/A,Sell,USD,RY 3 03/27/29,0,5126000,0,0,0,TEST ACCOUNT EDELIVERYTORONTO
24,3/17/2015,7:05:13 AM,Customer Timeout,MXUS,N/A,Sell,USD,AXP 1 3/4 07/11/18,0,5074000,0,0,0,TEST ACCOUNT EDELIVERYTORONTO
25,3/17/2015,7:05:16 AM,Customer Timeout,MXUS,N/A,Sell,USD,NAB 2.3 07/25/18,0,5656000,0,0,0,TEST ACCOUNT EDELIVERYTORONTO
26,3/17/2015,7:05:20 AM,Customer Timeout,MXUS,N/A,Sell,USD,AXP 1.4 07/11/17,0,5071000,0,0,0,TEST ACCOUNT EDELIVERYTORONTO
27,3/17/2015,7:05:23 AM,Customer Timeout,MXUS,N/A,Buy,USD,GE 0.9 06/28/16,0,5076000,0,0,0,TEST ACCOUNT EDELIVERYTORONTO
28,3/17/2015,7:05:26 AM,Customer Timeout,MXUS,N/A,Buy,USD,CXW 4 5/8 05/01/23,0,5764000,0,0,0,TEST ACCOUNT EDELIVERYTORONTO
29,3/17/2015,7:05:30 AM,Customer Timeout,MXUS,N/A,Buy,USD,DOW 3 1/4 03/15/23,0,5312000,0,0,0,TEST ACCOUNT EDELIVERYTORONTO
30,3/17/2015,7:05:33 AM,Customer Timeout,MXUS,N/A,Sell,USD,GE 2 1/4 07/13/20,0,5748000,0,0,0,TEST ACCOUNT EDELIVERYTORONTO
31,3/17/2015,7:05:36 AM,Customer Timeout,MXUS,N/A,Buy,USD,GE 2.65 06/28/23,0,5933000,0,0,0,TEST ACCOUNT EDELIVERYTORONTO
32,3/17/2015,7:05:40 AM,Customer Timeout,MXUS,N/A,Buy,USD,AXP 1.1 07/05/16,0,5770000,0,0,0,TEST ACCOUNT EDELIVERYTORONTO
33,3/17/2015,7:05:43 AM,Customer Timeout,MXUS,N/A,Sell,USD,BPFH 0.95 04/04/18,0,5103000,0,0,0,TEST ACCOUNT EDELIVERYTORONTO
34,3/17/2015,7:05:46 AM,Customer Timeout,MXUS,N/A,Buy,USD,DFS 1.1 07/18/16,0,5918000,0,0,0,TEST ACCOUNT EDELIVERYTORONTO
35,3/17/2015,7:05:50 AM,Customer Timeout,MXUS,N/A,Sell,USD,GE 2.05 07/19/19,0,5206000,0,0,0,TEST ACCOUNT EDELIVERYTORONTO
36,3/17/2015,7:05:53 AM,Customer Timeout,MXUS,N/A,Sell,USD,BMW 1.1 07/19/16,0,5300000,0,0,0,TEST ACCOUNT EDELIVERYTORONTO
37,3/17/2015,7:05:56 AM,Customer Timeout,MXUS,N/A,Buy,USD,ORCL 3 5/8 07/15/23,0,5599000,0,0,0,TEST ACCOUNT EDELIVERYTORONTO
38,3/17/2015,7:06:00 AM,Customer Timeout,MXUS,N/A,Buy,USD,GE 2.05 07/19/19,0,5298000,0,0,0,TEST ACCOUNT EDELIVERYTORONTO
39,3/17/2015,7:06:03 AM,Customer Timeout,MXUS,N/A,Buy,USD,GMT 2 3/8 07/30/18,0,5206000,0,0,0,TEST ACCOUNT EDELIVERYTORONTO
40,3/17/2015,7:06:06 AM,Customer Timeout,MXUS,N/A,Buy,USD,GE 1.05 07/12/16,0,5734000,0,0,0,TEST ACCOUNT EDELIVERYTORONTO
41,3/17/2015,7:06:09 AM,Customer Timeout,MXUS,N/A,Sell,USD,IBRD 1 1/8 07/18/17,0,5900000,0,0,0,TEST ACCOUNT EDELIVERYTORONTO
42,3/17/2015,7:06:13 AM,Customer Timeout,MXUS,N/A,Buy,USD,GS 2.35 03/13/23,0,5530000,0,0,0,TEST ACCOUNT EDELIVERYTORONTO
43,3/17/2015,7:06:16 AM,Customer Timeout,MXUS,N/A,Sell,USD,MS 3.9 03/07/28,0,5894000,0,0,0,TEST ACCOUNT EDELIVERYTORONTO
44,3/17/2015,7:06:19 AM,Customer Timeout,MXUS,N/A,Sell,USD,GE 1 3/4 07/12/18,0,5682000,0,0,0,TEST ACCOUNT EDELIVERYTORONTO
45,3/17/2015,7:06:23 AM,Customer Timeout,MXUS,N/A,Sell,USD,AXP 0 3/4 06/27/16,0,5575000,0,0,0,TEST ACCOUNT EDELIVERYTORONTO
46,3/17/2015,7:06:26 AM,Customer Timeout,MXUS,N/A,Sell,USD,JPM 2 01/30/21,0,5648000,0,0,0,TEST ACCOUNT EDELIVERYTORONTO
47,3/17/2015,7:06:29 AM,Customer Timeout,MXUS,N/A,Sell,USD,GE 2.4 07/20/20,0,5523000,0,0,0,TEST ACCOUNT EDELIVERYTORONTO
48,3/17/2015,7:06:33 AM,Customer Timeout,MXUS,N/A,Sell,USD,GE 1.4 07/12/17,0,5469000,0,0,0,TEST ACCOUNT EDELIVERYTORONTO
49,3/17/2015,7:06:36 AM,Customer Timeout,MXUS,N/A,Buy,USD,JPM 0 1/4 06/28/19,0,5635000,0,0,0,TEST ACCOUNT EDELIVERYTORONTO
50,3/17/2015,7:06:39 AM,Customer Timeout,MXUS,N/A,Buy,USD,GMATBK 0.9 07/05/16,0,5209000,0,0,0,TEST ACCOUNT EDELIVERYTORONTO
51,3/17/2015,7:06:43 AM,Customer Timeout,MXUS,N/A,Buy,USD,FCN 6 11/15/22,0,5585000,0,0,0,TEST ACCOUNT EDELIVERYTORONTO
52,3/17/2015,7:06:46 AM,Customer Timeout,MXUS,N/A,Sell,USD,BCOMPS 1.7 07/17/18,0,5547000,0,0,0,TEST ACCOUNT EDELIVERYTORONTO
53,3/17/2015,7:06:49 AM,Customer Timeout,MXUS,N/A,Buy,USD,JPM 1 06/28/17,0,5072000,0,0,0,TEST ACCOUNT EDELIVERYTORONTO
54,3/17/2015,7:06:53 AM,Customer Timeout,MXUS,N/A,Sell,USD,CLW 4 1/2 02/01/23,0,5605000,0,0,0,TEST ACCOUNT EDELIVERYTORONTO
55,3/17/2015,7:06:56 AM,Customer Timeout,MXUS,N/A,Sell,USD,GS 0.95 07/25/16,0,5555000,0,0,0,TEST ACCOUNT EDELIVERYTORONTO
56,3/17/2015,7:06:59 AM,Customer Timeout,MXUS,N/A,Sell,USD,GE 1 1/2 06/28/18,0,5333000,0,0,0,TEST ACCOUNT EDELIVERYTORONTO
57,3/17/2015,7:07:02 AM,Customer Timeout,MXUS,N/A,Buy,USD,BMO 1 06/07/18,0,5444000,0,0,0,TEST ACCOUNT EDELIVERYTORONTO
58,3/17/2015,7:07:11 AM,Customer Timeout,MXUS,N/A,Buy,USD,DUK 4.1 03/15/43,0,5053000,0,0,0,TEST ACCOUNT EDELIVERYTORONTO
59,3/17/2015,7:07:14 AM,Customer Timeout,MXUS,N/A,Buy,USD,GE 2 3/4 07/12/23,0,5941000,0,0,0,TEST ACCOUNT EDELIVERYTORONTO
60,3/17/2015,7:07:18 AM,Customer Timeout,MXUS,N/A,Sell,USD,WMT 2.55 04/11/23,0,5970000,0,0,0,TEST ACCOUNT EDELIVERYTORONTO
61,3/17/2015,7:07:21 AM,Customer Timeout,MXUS,N/A,Buy,USD,PSEC 5 3/4 07/15/20,0,5005000,0,0,0,TEST ACCOUNT EDELIVERYTORONTO
62,3/17/2015,7:07:24 AM,Customer Timeout,MXUS,N/A,Buy,USD,CTL 5 5/8 04/01/20,0,5756000,0,0,0,TEST ACCOUNT EDELIVERYTORONTO
63,3/17/2015,7:07:28 AM,Customer Timeout,MXUS,N/A,Sell,USD,WMT 2.55 04/11/23,0,5129000,0,0,0,TEST ACCOUNT EDELIVERYTORONTO
64,3/17/2015,7:07:31 AM,Customer Timeout,MXUS,N/A,Sell,USD,GS 3 03/28/33,0,5517000,0,0,0,TEST ACCOUNT EDELIVERYTORONTO
65,3/17/2015,7:07:34 AM,Customer Timeout,MXUS,N/A,Sell,USD,PSEC 6 04/15/43,0,5897000,0,0,0,TEST ACCOUNT EDELIVERYTORONTO
66,3/17/2015,7:07:38 AM,Customer Timeout,MXUS,N/A,Sell,USD,GE 1.45 07/19/17,0,5743000,0,0,0,TEST ACCOUNT EDELIVERYTORONTO
67,3/17/2015,7:07:41 AM,Customer Timeout,MXUS,N/A,Buy,USD,SUMIBK 3.95 07/19/23,0,5532000,0,0,0,TEST ACCOUNT EDELIVERYTORONTO
68,3/17/2015,7:07:44 AM,Customer Timeout,MXUS,N/A,Buy,USD,WFC 3 03/29/30,0,5062000,0,0,0,TEST ACCOUNT EDELIVERYTORONTO
69,3/17/2015,7:07:47 AM,Customer Timeout,MXUS,N/A,Buy,USD,WFC 1 1/4 07/20/16,0,5880000,0,0,0,TEST ACCOUNT EDELIVERYTORONTO
70,3/17/2015,7:07:51 AM,Customer Timeout,MXUS,N/A,Buy,USD,PSEC 4 03/15/20,0,5884000,0,0,0,TEST ACCOUNT EDELIVERYTORONTO
71,3/17/2015,7:07:54 AM,Customer Timeout,MXUS,N/A,Buy,USD,WFC 2 08/31/21,0,5544000,0,0,0,TEST ACCOUNT EDELIVERYTORONTO
72,3/17/2015,7:07:57 AM,Customer Timeout,MXUS,N/A,Sell,USD,ORCL 2 3/8 01/15/19,0,5265000,0,0,0,TEST ACCOUNT EDELIVERYTORONTO
73,3/17/2015,7:08:01 AM,Customer Timeout,MXUS,N/A,Buy,USD,GS 2.45 07/24/20,0,5125000,0,0,0,TEST ACCOUNT EDELIVERYTORONTO
74,3/17/2015,7:08:04 AM,Customer Timeout,MXUS,N/A,Sell,USD,MS 3 5/8 03/21/25,0,5580000,0,0,0,TEST ACCOUNT EDELIVERYTORONTO
75,3/17/2015,7:08:07 AM,Customer Timeout,MXUS,N/A,Sell,USD,PJIAE 5 1/2 12/20/27,0,5781000,0,0,0,TEST ACCOUNT EDELIVERYTORONTO
76,3/17/2015,7:08:10 AM,Customer Timeout,MXUS,N/A,Sell,USD,BMO 1 06/07/18,0,5821000,0,0,0,TEST ACCOUNT EDELIVERYTORONTO
77,3/17/2015,7:08:14 AM,Customer Timeout,MXUS,N/A,Buy,USD,AER 3 7/8 04/15/18,0,5548000,0,0,0,TEST ACCOUNT EDELIVERYTORONTO
78,3/17/2015,7:08:17 AM,Customer Timeout,MXUS,N/A,Sell,USD,AXP 1.4 07/11/17,0,5628000,0,0,0,TEST ACCOUNT EDELIVERYTORONTO
79,3/17/2015,7:08:20 AM,Customer Timeout,MXUS,N/A,Sell,USD,DOW 3 1/4 03/15/23,0,5143000,0,0,0,TEST ACCOUNT EDELIVERYTORONTO
80,3/17/2015,7:08:24 AM,Customer Timeout,MXUS,N/A,Buy,USD,SOCGEN 5 07/30/32,0,5352000,0,0,0,TEST ACCOUNT EDELIVERYTORONTO
81,3/17/2015,7:08:27 AM,Customer Timeout,MXUS,N/A,Sell,USD,GE 1.05 07/12/16,0,5200000,0,0,0,TEST ACCOUNT EDELIVERYTORONTO
82,3/17/2015,7:08:30 AM,Customer Timeout,MXUS,N/A,Buy,USD,HNZ 4 1/4 10/15/20,0,5767000,0,0,0,TEST ACCOUNT EDELIVERYTORONTO
83,3/17/2015,7:08:33 AM,Customer Timeout,MXUS,N/A,Buy,USD,GE 2.9 07/19/23,0,5154000,0,0,0,TEST ACCOUNT EDELIVERYTORONTO
84,3/17/2015,7:08:37 AM,Customer Timeout,MXUS,N/A,Sell,USD,BMW 1.1 07/19/16,0,5227000,0,0,0,TEST ACCOUNT EDELIVERYTORONTO
85,3/17/2015,7:08:40 AM,Customer Timeout,MXUS,N/A,Buy,USD,ARCC 4 7/8 03/15/17,0,5209000,0,0,0,TEST ACCOUNT EDELIVERYTORONTO
86,3/17/2015,7:08:43 AM,Customer Timeout,MXUS,N/A,Buy,USD,GE 2.65 06/28/23,0,5391000,0,0,0,TEST ACCOUNT EDELIVERYTORONTO
87,3/17/2015,7:08:47 AM,Customer Timeout,MXUS,N/A,Sell,USD,GE 0.9 06/28/16,0,5126000,0,0,0,TEST ACCOUNT EDELIVERYTORONTO
88,3/17/2015,7:08:50 AM,Customer Timeout,MXUS,N/A,Sell,USD,DTE 4 04/01/43,0,5803000,0,0,0,TEST ACCOUNT EDELIVERYTORONTO
89,3/17/2015,7:08:54 AM,Customer Timeout,MXUS,N/A,Buy,USD,GE 2.05 07/19/19,0,5765000,0,0,0,TEST ACCOUNT EDELIVERYTORONTO
90,3/17/2015,7:08:57 AM,Customer Timeout,MXUS,N/A,Buy,USD,GMATBK 0.8 07/11/16,0,5949000,0,0,0,TEST ACCOUNT EDELIVERYTORONTO
91,3/17/2015,7:09:01 AM,Customer Timeout,MXUS,N/A,Buy,USD,GS 1.4 07/24/17,0,5603000,0,0,0,TEST ACCOUNT EDELIVERYTORONTO
92,3/17/2015,7:09:04 AM,Customer Timeout,MXUS,N/A,Buy,USD,TGI 4 7/8 04/01/21,0,5595000,0,0,0,TEST ACCOUNT EDELIVERYTORONTO
93,3/17/2015,7:09:07 AM,Customer Timeout,MXUS,N/A,Sell,USD,DFS 1.4 07/24/17,0,5668000,0,0,0,TEST ACCOUNT EDELIVERYTORONTO
94,3/17/2015,7:09:11 AM,Customer Timeout,MXUS,N/A,Buy,USD,GE 1.05 07/12/16,0,5507000,0,0,0,TEST ACCOUNT EDELIVERYTORONTO
95,3/17/2015,7:09:14 AM,Customer Timeout,MXUS,N/A,Sell,USD,AXP 1.4 07/11/17,0,5621000,0,0,0,TEST ACCOUNT EDELIVERYTORONTO
96,3/17/2015,7:09:17 AM,Customer Timeout,MXUS,N/A,Sell,USD,GSK 4.2 03/18/43,0,5870000,0,0,0,TEST ACCOUNT EDELIVERYTORONTO
97,3/17/2015,7:09:20 AM,Customer Timeout,MXUS,N/A,Buy,USD,IDA 4 04/01/43,0,5914000,0,0,0,TEST ACCOUNT EDELIVERYTORONTO
98,3/17/2015,7:09:24 AM,Customer Timeout,MXUS,N/A,Sell,USD,TGI 4 7/8 04/01/21,0,5999000,0,0,0,TEST ACCOUNT EDELIVERYTORONTO
99,3/17/2015,7:09:27 AM,Customer Timeout,MXUS,N/A,Sell,USD,BMW 1.1 07/19/16,0,5259000,0,0,0,TEST ACCOUNT EDELIVERYTORONTO
100,3/17/2015,7:09:30 AM,Customer Timeout,MXUS,N/A,Sell,USD,JPM 3 1/2 03/21/33,0,5168000,0,0,0,TEST ACCOUNT EDELIVERYTORONTO
